Number,Time,Temperature
1,2018-01-26 14:41:13,24.7
2,2018-01-26 14:46:13,22.7
3,2018-01-26 14:51:13,21.6
4,2018-01-26 14:56:13,21.2
5,2018-01-26 15:01:13,21
6,2018-01-26 15:06:13,21
7,2018-01-26 15:11:13,20.9
8,2018-01-26 15:16:13,20.9
9,2018-01-26 15:21:13,20.9
10,2018-01-26 15:26:13,20.9
11,2018-01-26 15:31:13,20.9
12,2018-01-26 15:36:13,20.9
13,2018-01-26 15:41:13,20.9
14,2018-01-26 15:46:13,20.9
15,2018-01-26 15:51:13,20.9
16,2018-01-26 15:56:13,20.9
17,2018-01-26 16:01:13,20.9
18,2018-01-26 16:06:13,20.9
19,2018-01-26 16:11:13,20.9
20,2018-01-26 16:16:13,20.9
21,2018-01-26 16:21:13,20.9
22,2018-01-26 16:26:13,20.9
23,2018-01-26 16:31:13,20.9
24,2018-01-26 16:36:13,20.9
25,2018-01-26 16:41:13,20.9
26,2018-01-26 16:46:13,20.9
27,2018-01-26 16:51:13,20.9
28,2018-01-26 16:56:13,20.9
29,2018-01-26 17:01:13,20.9
30,2018-01-26 17:06:13,20.9
31,2018-01-26 17:11:13,20.9
32,2018-01-26 17:16:13,20.9
33,2018-01-26 17:21:13,20.9
34,2018-01-26 17:26:13,20.9
35,2018-01-26 17:31:13,20.9
36,2018-01-26 17:36:13,20.9
37,2018-01-26 17:41:13,20.9
38,2018-01-26 17:46:13,20.9
39,2018-01-26 17:51:13,20.9
40,2018-01-26 17:56:13,21
41,2018-01-26 18:01:13,20.9
42,2018-01-26 18:06:13,21
43,2018-01-26 18:11:13,21
44,2018-01-26 18:16:13,20.9
45,2018-01-26 18:21:13,20.9
46,2018-01-26 18:26:13,20.9
47,2018-01-26 18:31:13,20.9
48,2018-01-26 18:36:13,20.9
49,2018-01-26 18:41:13,20.9
50,2018-01-26 18:46:13,20.9
51,2018-01-26 18:51:13,20.9
52,2018-01-26 18:56:13,20.9
53,2018-01-26 19:01:13,20.9
54,2018-01-26 19:06:13,20.9
55,2018-01-26 19:11:13,20.9
56,2018-01-26 19:16:13,20.9
57,2018-01-26 19:21:13,20.9
58,2018-01-26 19:26:13,20.9
59,2018-01-26 19:31:13,20.9
60,2018-01-26 19:36:13,20.9
61,2018-01-26 19:41:13,20.9
62,2018-01-26 19:46:13,20.9
63,2018-01-26 19:51:13,21
64,2018-01-26 19:56:13,21
65,2018-01-26 20:01:13,21
66,2018-01-26 20:06:13,20.9
67,2018-01-26 20:11:13,21
68,2018-01-26 20:16:13,20.9
69,2018-01-26 20:21:13,20.9
70,2018-01-26 20:26:13,20.9
71,2018-01-26 20:31:13,20.9
72,2018-01-26 20:36:13,20.9
73,2018-01-26 20:41:13,20.9
74,2018-01-26 20:46:13,20.9
75,2018-01-26 20:51:13,20.9
76,2018-01-26 20:56:13,20.9
77,2018-01-26 21:01:13,20.9
78,2018-01-26 21:06:13,20.9
79,2018-01-26 21:11:13,20.9
80,2018-01-26 21:16:13,20.9
81,2018-01-26 21:21:13,20.9
82,2018-01-26 21:26:13,20.9
83,2018-01-26 21:31:13,20.9
84,2018-01-26 21:36:13,20.9
85,2018-01-26 21:41:13,20.9
86,2018-01-26 21:46:13,20.9
87,2018-01-26 21:51:13,20.9
88,2018-01-26 21:56:13,20.9
89,2018-01-26 22:01:13,20.9
90,2018-01-26 22:06:13,20.9
91,2018-01-26 22:11:13,20.9
92,2018-01-26 22:16:13,20.9
93,2018-01-26 22:21:13,20.9
94,2018-01-26 22:26:13,20.9
95,2018-01-26 22:31:13,20.9
96,2018-01-26 22:36:13,20.9
97,2018-01-26 22:41:13,20.9
98,2018-01-26 22:46:13,20.9
99,2018-01-26 22:51:13,20.9
100,2018-01-26 22:56:13,20.9
101,2018-01-26 23:01:13,20.9
102,2018-01-26 23:06:13,20.9
103,2018-01-26 23:11:13,20.9
104,2018-01-26 23:16:13,20.9
105,2018-01-26 23:21:13,20.9
106,2018-01-26 23:26:13,20.9
107,2018-01-26 23:31:13,20.9
108,2018-01-26 23:36:13,20.9
109,2018-01-26 23:41:13,20.9
110,2018-01-26 23:46:13,20.9
111,2018-01-26 23:51:13,20.9
112,2018-01-26 23:56:13,20.9
113,2018-01-27 00:01:13,20.9
114,2018-01-27 00:06:13,20.9
115,2018-01-27 00:11:13,20.9
116,2018-01-27 00:16:13,20.9
117,2018-01-27 00:21:13,20.9
118,2018-01-27 00:26:13,20.9
119,2018-01-27 00:31:13,20.9
120,2018-01-27 00:36:13,20.9
121,2018-01-27 00:41:13,20.9
122,2018-01-27 00:46:13,20.9
123,2018-01-27 00:51:13,20.9
124,2018-01-27 00:56:13,20.9
125,2018-01-27 01:01:13,20.9
126,2018-01-27 01:06:13,20.9
127,2018-01-27 01:11:13,20.9
128,2018-01-27 01:16:13,20.9
129,2018-01-27 01:21:13,20.9
130,2018-01-27 01:26:13,20.9
131,2018-01-27 01:31:13,20.9
132,2018-01-27 01:36:13,20.9
133,2018-01-27 01:41:13,20.9
134,2018-01-27 01:46:13,20.9
135,2018-01-27 01:51:13,20.9
136,2018-01-27 01:56:13,20.9
137,2018-01-27 02:01:13,20.9
138,2018-01-27 02:06:13,20.9
139,2018-01-27 02:11:13,20.9
140,2018-01-27 02:16:13,20.9
141,2018-01-27 02:21:13,20.9
142,2018-01-27 02:26:13,20.9
143,2018-01-27 02:31:13,20.9
144,2018-01-27 02:36:13,20.9
145,2018-01-27 02:41:13,20.9
146,2018-01-27 02:46:13,20.9
147,2018-01-27 02:51:13,20.9
148,2018-01-27 02:56:13,20.9
149,2018-01-27 03:01:13,20.9
150,2018-01-27 03:06:13,20.9
151,2018-01-27 03:11:13,20.9
152,2018-01-27 03:16:13,20.9
153,2018-01-27 03:21:13,20.9
154,2018-01-27 03:26:13,20.9
155,2018-01-27 03:31:13,20.9
156,2018-01-27 03:36:13,20.9
157,2018-01-27 03:41:13,20.9
158,2018-01-27 03:46:13,20.9
159,2018-01-27 03:51:13,20.9
160,2018-01-27 03:56:13,20.9
161,2018-01-27 04:01:13,20.9
162,2018-01-27 04:06:13,20.9
163,2018-01-27 04:11:13,20.9
164,2018-01-27 04:16:13,20.9
165,2018-01-27 04:21:13,20.9
166,2018-01-27 04:26:13,20.9
167,2018-01-27 04:31:13,20.9
168,2018-01-27 04:36:13,20.9
169,2018-01-27 04:41:13,20.9
170,2018-01-27 04:46:13,20.9
171,2018-01-27 04:51:13,20.9
172,2018-01-27 04:56:13,20.9
173,2018-01-27 05:01:13,20.9
174,2018-01-27 05:06:13,20.9
175,2018-01-27 05:11:13,20.9
176,2018-01-27 05:16:13,20.9
177,2018-01-27 05:21:13,20.9
178,2018-01-27 05:26:13,20.9
179,2018-01-27 05:31:13,20.9
180,2018-01-27 05:36:13,20.9
181,2018-01-27 05:41:13,20.9
182,2018-01-27 05:46:13,20.9
183,2018-01-27 05:51:13,20.9
184,2018-01-27 05:56:13,20.9
185,2018-01-27 06:01:13,20.9
186,2018-01-27 06:06:13,20.9
187,2018-01-27 06:11:13,20.9
188,2018-01-27 06:16:13,20.9
189,2018-01-27 06:21:13,20.9
190,2018-01-27 06:26:13,20.9
191,2018-01-27 06:31:13,20.9
192,2018-01-27 06:36:13,20.9
193,2018-01-27 06:41:13,20.9
194,2018-01-27 06:46:13,20.9
195,2018-01-27 06:51:13,20.8
196,2018-01-27 06:56:13,20.9
197,2018-01-27 07:01:13,20.9
198,2018-01-27 07:06:13,20.9
199,2018-01-27 07:11:13,20.9
200,2018-01-27 07:16:13,20.9
201,2018-01-27 07:21:13,20.9
202,2018-01-27 07:26:13,20.9
203,2018-01-27 07:31:13,20.9
204,2018-01-27 07:36:13,20.9
205,2018-01-27 07:41:13,20.9
206,2018-01-27 07:46:13,20.9
207,2018-01-27 07:51:13,20.9
208,2018-01-27 07:56:13,20.9
209,2018-01-27 08:01:13,20.9
210,2018-01-27 08:06:13,20.9
211,2018-01-27 08:11:13,20.9
212,2018-01-27 08:16:13,20.9
213,2018-01-27 08:21:13,20.9
214,2018-01-27 08:26:13,20.9
215,2018-01-27 08:31:13,20.9
216,2018-01-27 08:36:13,20.9
217,2018-01-27 08:41:13,20.9
218,2018-01-27 08:46:13,20.9
219,2018-01-27 08:51:13,20.9
220,2018-01-27 08:56:13,20.9
221,2018-01-27 09:01:13,20.9
222,2018-01-27 09:06:13,20.9
223,2018-01-27 09:11:13,20.9
224,2018-01-27 09:16:13,20.9
225,2018-01-27 09:21:13,20.9
226,2018-01-27 09:26:13,20.9
227,2018-01-27 09:31:13,20.9
228,2018-01-27 09:36:13,20.9
229,2018-01-27 09:41:13,20.9
230,2018-01-27 09:46:13,20.9
231,2018-01-27 09:51:13,20.9
232,2018-01-27 09:56:13,20.9
233,2018-01-27 10:01:13,20.9
234,2018-01-27 10:06:13,20.9
235,2018-01-27 10:11:13,20.9
236,2018-01-27 10:16:13,20.9
237,2018-01-27 10:21:13,20.9
238,2018-01-27 10:26:13,20.9
239,2018-01-27 10:31:13,20.9
240,2018-01-27 10:36:13,20.9
241,2018-01-27 10:41:13,20.9
242,2018-01-27 10:46:13,20.9
243,2018-01-27 10:51:13,20.9
244,2018-01-27 10:56:13,20.9
245,2018-01-27 11:01:13,20.9
246,2018-01-27 11:06:13,20.9
247,2018-01-27 11:11:13,20.9
248,2018-01-27 11:16:13,20.9
249,2018-01-27 11:21:13,20.9
250,2018-01-27 11:26:13,20.9
251,2018-01-27 11:31:13,20.9
252,2018-01-27 11:36:13,20.9
253,2018-01-27 11:41:13,20.9
254,2018-01-27 11:46:13,20.9
255,2018-01-27 11:51:13,20.9
256,2018-01-27 11:56:13,20.9
257,2018-01-27 12:01:13,20.9
258,2018-01-27 12:06:13,20.9
259,2018-01-27 12:11:13,20.9
260,2018-01-27 12:16:13,20.9
261,2018-01-27 12:21:13,20.9
262,2018-01-27 12:26:13,20.9
263,2018-01-27 12:31:13,20.9
264,2018-01-27 12:36:13,20.9
265,2018-01-27 12:41:13,20.9
266,2018-01-27 12:46:13,20.9
267,2018-01-27 12:51:13,20.9
268,2018-01-27 12:56:13,20.9
269,2018-01-27 13:01:13,20.9
270,2018-01-27 13:06:13,20.9
271,2018-01-27 13:11:13,20.9
272,2018-01-27 13:16:13,20.9
273,2018-01-27 13:21:13,20.9
274,2018-01-27 13:26:13,20.9
275,2018-01-27 13:31:13,20.9
276,2018-01-27 13:36:13,20.9
277,2018-01-27 13:41:13,20.9
278,2018-01-27 13:46:13,21
279,2018-01-27 13:51:13,21
280,2018-01-27 13:56:13,21
281,2018-01-27 14:01:13,21
282,2018-01-27 14:06:13,21
283,2018-01-27 14:11:13,21
284,2018-01-27 14:16:13,21
285,2018-01-27 14:21:13,21
286,2018-01-27 14:26:13,21
287,2018-01-27 14:31:13,21
288,2018-01-27 14:36:13,21
289,2018-01-27 14:41:13,21
290,2018-01-27 14:46:13,21
291,2018-01-27 14:51:13,21
292,2018-01-27 14:56:13,21
293,2018-01-27 15:01:13,21
294,2018-01-27 15:06:13,21
295,2018-01-27 15:11:13,21.1
296,2018-01-27 15:16:13,21.1
297,2018-01-27 15:21:13,21.1
298,2018-01-27 15:26:13,21.1
299,2018-01-27 15:31:13,21.1
300,2018-01-27 15:36:13,21.1
301,2018-01-27 15:41:13,21.1
302,2018-01-27 15:46:13,21.1
303,2018-01-27 15:51:13,21.2
304,2018-01-27 15:56:13,21.1
305,2018-01-27 16:01:13,21.1
306,2018-01-27 16:06:13,21.1
307,2018-01-27 16:11:13,21.1
308,2018-01-27 16:16:13,21.1
309,2018-01-27 16:21:13,21.1
310,2018-01-27 16:26:13,21.1
311,2018-01-27 16:31:13,21.1
312,2018-01-27 16:36:13,21.2
313,2018-01-27 16:41:13,21.1
314,2018-01-27 16:46:13,21.1
315,2018-01-27 16:51:13,21.1
316,2018-01-27 16:56:13,21.1
317,2018-01-27 17:01:13,21.1
318,2018-01-27 17:06:13,21.1
319,2018-01-27 17:11:13,21.1
320,2018-01-27 17:16:13,21.1
321,2018-01-27 17:21:13,21.1
322,2018-01-27 17:26:13,21.1
323,2018-01-27 17:31:13,21.1
324,2018-01-27 17:36:13,21
325,2018-01-27 17:41:13,21
326,2018-01-27 17:46:13,21
327,2018-01-27 17:51:13,21
328,2018-01-27 17:56:13,21
329,2018-01-27 18:01:13,21
330,2018-01-27 18:06:13,21
331,2018-01-27 18:11:13,21
332,2018-01-27 18:16:13,21
333,2018-01-27 18:21:13,21
334,2018-01-27 18:26:13,21
335,2018-01-27 18:31:13,21
336,2018-01-27 18:36:13,21
337,2018-01-27 18:41:13,21
338,2018-01-27 18:46:13,21
339,2018-01-27 18:51:13,21
340,2018-01-27 18:56:13,21
341,2018-01-27 19:01:13,21
342,2018-01-27 19:06:13,21
343,2018-01-27 19:11:13,21
344,2018-01-27 19:16:13,21
345,2018-01-27 19:21:13,21
346,2018-01-27 19:26:13,21
347,2018-01-27 19:31:13,21
348,2018-01-27 19:36:13,20.9
349,2018-01-27 19:41:13,21
350,2018-01-27 19:46:13,20.9
351,2018-01-27 19:51:13,20.9
352,2018-01-27 19:56:13,20.9
353,2018-01-27 20:01:13,20.9
354,2018-01-27 20:06:13,20.9
355,2018-01-27 20:11:13,20.9
356,2018-01-27 20:16:13,20.9
357,2018-01-27 20:21:13,20.9
358,2018-01-27 20:26:13,20.9
359,2018-01-27 20:31:13,20.9
360,2018-01-27 20:36:13,20.9
361,2018-01-27 20:41:13,20.9
362,2018-01-27 20:46:13,20.9
363,2018-01-27 20:51:13,20.9
364,2018-01-27 20:56:13,21
365,2018-01-27 21:01:13,22.8
366,2018-01-27 21:06:13,21.7
367,2018-01-27 21:11:13,21.2
368,2018-01-27 21:16:13,21
369,2018-01-27 21:21:13,20.9
370,2018-01-27 21:26:13,20.9
371,2018-01-27 21:31:13,20.9
372,2018-01-27 21:36:13,20.9
373,2018-01-27 21:41:13,20.9
374,2018-01-27 21:46:13,20.9
375,2018-01-27 21:51:13,20.9
376,2018-01-27 21:56:13,20.9
377,2018-01-27 22:01:13,20.8
378,2018-01-27 22:06:13,20.8
379,2018-01-27 22:11:13,20.8
380,2018-01-27 22:16:13,20.8
381,2018-01-27 22:21:13,20.8
382,2018-01-27 22:26:13,20.8
383,2018-01-27 22:31:13,20.8
384,2018-01-27 22:36:13,20.8
385,2018-01-27 22:41:13,20.8
386,2018-01-27 22:46:13,20.8
387,2018-01-27 22:51:13,20.8
388,2018-01-27 22:56:13,20.9
389,2018-01-27 23:01:13,20.9
390,2018-01-27 23:06:13,20.9
391,2018-01-27 23:11:13,20.9
392,2018-01-27 23:16:13,20.9
393,2018-01-27 23:21:13,20.9
394,2018-01-27 23:26:13,20.9
395,2018-01-27 23:31:13,20.9
396,2018-01-27 23:36:13,20.9
397,2018-01-27 23:41:13,20.9
398,2018-01-27 23:46:13,20.9
399,2018-01-27 23:51:13,20.9
400,2018-01-27 23:56:13,20.9
401,2018-01-28 00:01:13,20.9
402,2018-01-28 00:06:13,20.8
403,2018-01-28 00:11:13,20.8
404,2018-01-28 00:16:13,20.8
405,2018-01-28 00:21:13,20.8
406,2018-01-28 00:26:13,20.8
407,2018-01-28 00:31:13,20.8
408,2018-01-28 00:36:13,20.8
409,2018-01-28 00:41:13,20.8
410,2018-01-28 00:46:13,20.8
411,2018-01-28 00:51:13,20.9
412,2018-01-28 00:56:13,20.9
413,2018-01-28 01:01:13,20.9
414,2018-01-28 01:06:13,20.9
415,2018-01-28 01:11:13,20.9
416,2018-01-28 01:16:13,20.9
417,2018-01-28 01:21:13,20.9
418,2018-01-28 01:26:13,20.9
419,2018-01-28 01:31:13,20.9
420,2018-01-28 01:36:13,20.9
421,2018-01-28 01:41:13,20.9
422,2018-01-28 01:46:13,20.9
423,2018-01-28 01:51:13,20.9
424,2018-01-28 01:56:13,20.8
425,2018-01-28 02:01:13,20.8
426,2018-01-28 02:06:13,20.8
427,2018-01-28 02:11:13,20.8
428,2018-01-28 02:16:13,20.8
429,2018-01-28 02:21:13,20.8
430,2018-01-28 02:26:13,20.8
431,2018-01-28 02:31:13,20.8
432,2018-01-28 02:36:13,20.8
433,2018-01-28 02:41:13,20.8
434,2018-01-28 02:46:13,20.8
435,2018-01-28 02:51:13,20.9
436,2018-01-28 02:56:13,20.9
437,2018-01-28 03:01:13,20.9
438,2018-01-28 03:06:13,20.9
439,2018-01-28 03:11:13,20.9
440,2018-01-28 03:16:13,20.9
441,2018-01-28 03:21:13,20.9
442,2018-01-28 03:26:13,20.9
443,2018-01-28 03:31:13,20.9
444,2018-01-28 03:36:13,20.9
445,2018-01-28 03:41:13,20.9
446,2018-01-28 03:46:13,20.9
447,2018-01-28 03:51:13,20.9
448,2018-01-28 03:56:13,20.9
449,2018-01-28 04:01:13,20.8
450,2018-01-28 04:06:13,20.8
451,2018-01-28 04:11:13,20.8
452,2018-01-28 04:16:13,20.8
453,2018-01-28 04:21:13,20.8
454,2018-01-28 04:26:13,20.8
455,2018-01-28 04:31:13,20.8
456,2018-01-28 04:36:13,20.8
457,2018-01-28 04:41:13,20.8
458,2018-01-28 04:46:13,20.8
459,2018-01-28 04:51:13,20.8
460,2018-01-28 04:56:13,20.8
461,2018-01-28 05:01:13,20.8
462,2018-01-28 05:06:13,20.8
463,2018-01-28 05:11:13,20.8
464,2018-01-28 05:16:13,20.8
465,2018-01-28 05:21:13,20.8
466,2018-01-28 05:26:13,20.8
467,2018-01-28 05:31:13,20.8
468,2018-01-28 05:36:13,20.8
469,2018-01-28 05:41:13,20.8
470,2018-01-28 05:46:13,20.8
471,2018-01-28 05:51:13,20.8
472,2018-01-28 05:56:13,20.8
473,2018-01-28 06:01:13,20.8
474,2018-01-28 06:06:13,20.8
475,2018-01-28 06:11:13,20.8
476,2018-01-28 06:16:13,20.7
477,2018-01-28 06:21:13,20.7
478,2018-01-28 06:26:13,20.7
479,2018-01-28 06:31:13,20.7
480,2018-01-28 06:36:13,20.7
481,2018-01-28 06:41:13,20.7
482,2018-01-28 06:46:13,20.7
483,2018-01-28 06:51:13,20.7
484,2018-01-28 06:56:13,20.7
485,2018-01-28 07:01:13,20.7
486,2018-01-28 07:06:13,20.7
487,2018-01-28 07:11:13,20.7
488,2018-01-28 07:16:13,20.7
489,2018-01-28 07:21:13,20.7
490,2018-01-28 07:26:13,20.7
491,2018-01-28 07:31:13,20.7
492,2018-01-28 07:36:13,20.7
493,2018-01-28 07:41:13,20.7
494,2018-01-28 07:46:13,20.7
495,2018-01-28 07:51:13,20.7
496,2018-01-28 07:56:13,20.7
497,2018-01-28 08:01:13,20.7
498,2018-01-28 08:06:13,20.7
499,2018-01-28 08:11:13,20.7
500,2018-01-28 08:16:13,20.7
501,2018-01-28 08:21:13,20.7
502,2018-01-28 08:26:13,20.7
503,2018-01-28 08:31:13,20.7
504,2018-01-28 08:36:13,20.7
505,2018-01-28 08:41:13,20.7
506,2018-01-28 08:46:13,20.7
507,2018-01-28 08:51:13,20.7
508,2018-01-28 08:56:13,20.7
509,2018-01-28 09:01:13,20.6
510,2018-01-28 09:06:13,20.6
511,2018-01-28 09:11:13,20.6
512,2018-01-28 09:16:13,20.7
513,2018-01-28 09:21:13,20.7
514,2018-01-28 09:26:13,20.7
515,2018-01-28 09:31:13,20.7
516,2018-01-28 09:36:13,20.7
517,2018-01-28 09:41:13,20.7
518,2018-01-28 09:46:13,20.8
519,2018-01-28 09:51:13,20.8
520,2018-01-28 09:56:13,20.8
521,2018-01-28 10:01:13,20.9
522,2018-01-28 10:06:13,20.8
523,2018-01-28 10:11:13,20.8
524,2018-01-28 10:16:13,20.9
525,2018-01-28 10:21:13,20.9
526,2018-01-28 10:26:13,20.9
527,2018-01-28 10:31:13,20.9
528,2018-01-28 10:36:13,20.8
529,2018-01-28 10:41:13,20.8
530,2018-01-28 10:46:13,20.8
531,2018-01-28 10:51:13,20.8
532,2018-01-28 10:56:13,20.8
533,2018-01-28 11:01:13,20.8
534,2018-01-28 11:06:13,20.8
535,2018-01-28 11:11:13,20.7
536,2018-01-28 11:16:13,20.7
537,2018-01-28 11:21:13,20.7
538,2018-01-28 11:26:13,20.7
539,2018-01-28 11:31:13,20.7
540,2018-01-28 11:36:13,20.7
541,2018-01-28 11:41:13,20.7
542,2018-01-28 11:46:13,20.7
543,2018-01-28 11:51:13,20.7
544,2018-01-28 11:56:13,20.7
545,2018-01-28 12:01:13,20.7
546,2018-01-28 12:06:13,20.7
547,2018-01-28 12:11:13,20.7
548,2018-01-28 12:16:13,20.7
549,2018-01-28 12:21:13,20.7
550,2018-01-28 12:26:13,20.6
551,2018-01-28 12:31:13,20.6
552,2018-01-28 12:36:13,20.6
553,2018-01-28 12:41:13,20.6
554,2018-01-28 12:46:13,20.6
555,2018-01-28 12:51:13,20.6
556,2018-01-28 12:56:13,20.6
557,2018-01-28 13:01:13,20.6
558,2018-01-28 13:06:13,20.6
559,2018-01-28 13:11:13,20.6
560,2018-01-28 13:16:13,20.6
561,2018-01-28 13:21:13,20.6
562,2018-01-28 13:26:13,20.6
563,2018-01-28 13:31:13,20.6
564,2018-01-28 13:36:13,20.6
565,2018-01-28 13:41:13,20.6
566,2018-01-28 13:46:13,20.6
567,2018-01-28 13:51:13,20.6
568,2018-01-28 13:56:13,20.6
569,2018-01-28 14:01:13,20.6
570,2018-01-28 14:06:13,20.6
571,2018-01-28 14:11:13,20.6
572,2018-01-28 14:16:13,20.6
573,2018-01-28 14:21:13,20.6
574,2018-01-28 14:26:13,20.6
575,2018-01-28 14:31:13,20.6
576,2018-01-28 14:36:13,20.6
577,2018-01-28 14:41:13,20.6
578,2018-01-28 14:46:13,20.6
579,2018-01-28 14:51:13,20.6
580,2018-01-28 14:56:13,20.6
581,2018-01-28 15:01:13,20.6
582,2018-01-28 15:06:13,20.6
583,2018-01-28 15:11:13,20.6
584,2018-01-28 15:16:13,20.6
585,2018-01-28 15:21:13,20.6
586,2018-01-28 15:26:13,20.6
587,2018-01-28 15:31:13,20.6
588,2018-01-28 15:36:13,20.6
589,2018-01-28 15:41:13,20.6
590,2018-01-28 15:46:13,20.6
591,2018-01-28 15:51:13,20.6
592,2018-01-28 15:56:13,20.6
593,2018-01-28 16:01:13,20.6
594,2018-01-28 16:06:13,20.6
595,2018-01-28 16:11:13,20.6
596,2018-01-28 16:16:13,20.6
597,2018-01-28 16:21:13,20.6
598,2018-01-28 16:26:13,20.6
599,2018-01-28 16:31:13,20.6
600,2018-01-28 16:36:13,20.6
601,2018-01-28 16:41:13,20.6
602,2018-01-28 16:46:13,20.6
603,2018-01-28 16:51:13,20.5
604,2018-01-28 16:56:13,20.6
605,2018-01-28 17:01:13,20.5
606,2018-01-28 17:06:13,20.5
607,2018-01-28 17:11:13,20.5
608,2018-01-28 17:16:13,20.6
609,2018-01-28 17:21:13,20.5
610,2018-01-28 17:26:13,20.5
611,2018-01-28 17:31:13,20.5
612,2018-01-28 17:36:13,20.5
613,2018-01-28 17:41:13,20.5
614,2018-01-28 17:46:13,20.5
615,2018-01-28 17:51:13,20.5
616,2018-01-28 17:56:13,20.5
617,2018-01-28 18:01:13,20.5
618,2018-01-28 18:06:13,20.5
619,2018-01-28 18:11:13,20.5
620,2018-01-28 18:16:13,20.5
621,2018-01-28 18:21:13,20.5
622,2018-01-28 18:26:13,20.5
623,2018-01-28 18:31:13,20.5
624,2018-01-28 18:36:13,20.6
625,2018-01-28 18:41:13,20.6
626,2018-01-28 18:46:13,20.6
627,2018-01-28 18:51:13,20.6
628,2018-01-28 18:56:13,20.6
629,2018-01-28 19:01:13,20.6
630,2018-01-28 19:06:13,20.6
631,2018-01-28 19:11:13,20.6
632,2018-01-28 19:16:13,20.6
633,2018-01-28 19:21:13,20.6
634,2018-01-28 19:26:13,20.6
635,2018-01-28 19:31:13,20.6
636,2018-01-28 19:36:13,20.6
637,2018-01-28 19:41:13,20.6
638,2018-01-28 19:46:13,20.6
639,2018-01-28 19:51:13,20.6
640,2018-01-28 19:56:13,20.6
641,2018-01-28 20:01:13,20.6
642,2018-01-28 20:06:13,20.6
643,2018-01-28 20:11:13,20.6
644,2018-01-28 20:16:13,20.6
645,2018-01-28 20:21:13,20.6
646,2018-01-28 20:26:13,20.6
647,2018-01-28 20:31:13,20.6
648,2018-01-28 20:36:13,20.6
649,2018-01-28 20:41:13,20.6
650,2018-01-28 20:46:13,20.6
651,2018-01-28 20:51:13,20.6
652,2018-01-28 20:56:13,20.6
653,2018-01-28 21:01:13,20.6
654,2018-01-28 21:06:13,20.6
655,2018-01-28 21:11:13,20.6
656,2018-01-28 21:16:13,20.6
657,2018-01-28 21:21:13,20.6
658,2018-01-28 21:26:13,20.6
659,2018-01-28 21:31:13,20.6
660,2018-01-28 21:36:13,20.6
661,2018-01-28 21:41:13,20.6
662,2018-01-28 21:46:13,20.6
663,2018-01-28 21:51:13,20.6
664,2018-01-28 21:56:13,20.6
665,2018-01-28 22:01:13,20.6
666,2018-01-28 22:06:13,20.6
667,2018-01-28 22:11:13,20.6
668,2018-01-28 22:16:13,20.5
669,2018-01-28 22:21:13,20.6
670,2018-01-28 22:26:13,20.5
671,2018-01-28 22:31:13,20.5
672,2018-01-28 22:36:13,20.5
673,2018-01-28 22:41:13,20.5
674,2018-01-28 22:46:13,20.6
675,2018-01-28 22:51:13,20.5
676,2018-01-28 22:56:13,20.5
677,2018-01-28 23:01:13,20.5
678,2018-01-28 23:06:13,20.5
679,2018-01-28 23:11:13,20.5
680,2018-01-28 23:16:13,20.5
681,2018-01-28 23:21:13,20.5
682,2018-01-28 23:26:13,20.5
683,2018-01-28 23:31:13,20.5
684,2018-01-28 23:36:13,20.5
685,2018-01-28 23:41:13,20.5
686,2018-01-28 23:46:13,20.5
687,2018-01-28 23:51:13,20.5
688,2018-01-28 23:56:13,20.5
689,2018-01-29 00:01:13,20.5
690,2018-01-29 00:06:13,20.5
691,2018-01-29 00:11:13,20.5
692,2018-01-29 00:16:13,20.5
693,2018-01-29 00:21:13,20.5
694,2018-01-29 00:26:13,20.5
695,2018-01-29 00:31:13,20.5
696,2018-01-29 00:36:13,20.5
697,2018-01-29 00:41:13,20.5
698,2018-01-29 00:46:13,20.5
699,2018-01-29 00:51:13,20.5
700,2018-01-29 00:56:13,20.5
701,2018-01-29 01:01:13,20.5
702,2018-01-29 01:06:13,20.5
703,2018-01-29 01:11:13,20.5
704,2018-01-29 01:16:13,20.5
705,2018-01-29 01:21:13,20.5
706,2018-01-29 01:26:13,20.5
707,2018-01-29 01:31:13,20.5
708,2018-01-29 01:36:13,20.5
709,2018-01-29 01:41:13,20.5
710,2018-01-29 01:46:13,20.5
711,2018-01-29 01:51:13,20.6
712,2018-01-29 01:56:13,20.6
713,2018-01-29 02:01:13,20.6
714,2018-01-29 02:06:13,20.6
715,2018-01-29 02:11:13,20.6
716,2018-01-29 02:16:13,20.6
717,2018-01-29 02:21:13,20.6
718,2018-01-29 02:26:13,20.6
719,2018-01-29 02:31:13,20.6
720,2018-01-29 02:36:13,20.6
721,2018-01-29 02:41:13,20.6
722,2018-01-29 02:46:13,20.6
723,2018-01-29 02:51:13,20.6
724,2018-01-29 02:56:13,20.6
725,2018-01-29 03:01:13,20.5
726,2018-01-29 03:06:13,20.5
727,2018-01-29 03:11:13,20.5
728,2018-01-29 03:16:13,20.5
729,2018-01-29 03:21:13,20.5
730,2018-01-29 03:26:13,20.5
731,2018-01-29 03:31:13,20.5
732,2018-01-29 03:36:13,20.5
733,2018-01-29 03:41:13,20.5
734,2018-01-29 03:46:13,20.5
735,2018-01-29 03:51:13,20.5
736,2018-01-29 03:56:13,20.5
737,2018-01-29 04:01:13,20.5
738,2018-01-29 04:06:13,20.5
739,2018-01-29 04:11:13,20.5
740,2018-01-29 04:16:13,20.5
741,2018-01-29 04:21:13,20.5
742,2018-01-29 04:26:13,20.5
743,2018-01-29 04:31:13,20.5
744,2018-01-29 04:36:13,20.5
745,2018-01-29 04:41:13,20.5
746,2018-01-29 04:46:13,20.5
747,2018-01-29 04:51:13,20.5
748,2018-01-29 04:56:13,20.5
749,2018-01-29 05:01:13,20.5
750,2018-01-29 05:06:13,20.5
751,2018-01-29 05:11:13,20.5
752,2018-01-29 05:16:13,20.5
753,2018-01-29 05:21:13,20.5
754,2018-01-29 05:26:13,20.5
755,2018-01-29 05:31:13,20.5
756,2018-01-29 05:36:13,20.5
757,2018-01-29 05:41:13,20.5
758,2018-01-29 05:46:13,20.5
759,2018-01-29 05:51:13,20.5
760,2018-01-29 05:56:13,20.5
761,2018-01-29 06:01:13,20.5
762,2018-01-29 06:06:13,20.5
763,2018-01-29 06:11:13,20.5
764,2018-01-29 06:16:13,20.5
765,2018-01-29 06:21:13,20.5
766,2018-01-29 06:26:13,20.5
767,2018-01-29 06:31:13,20.5
768,2018-01-29 06:36:13,20.5
769,2018-01-29 06:41:13,20.5
770,2018-01-29 06:46:13,20.5
771,2018-01-29 06:51:13,20.5
772,2018-01-29 06:56:13,20.5
773,2018-01-29 07:01:13,20.5
774,2018-01-29 07:06:13,20.5
775,2018-01-29 07:11:13,20.5
776,2018-01-29 07:16:13,20.5
777,2018-01-29 07:21:13,20.5
778,2018-01-29 07:26:13,20.5
779,2018-01-29 07:31:13,20.5
780,2018-01-29 07:36:13,20.5
781,2018-01-29 07:41:13,20.5
782,2018-01-29 07:46:13,20.5
783,2018-01-29 07:51:13,20.5
784,2018-01-29 07:56:13,20.5
785,2018-01-29 08:01:13,20.5
786,2018-01-29 08:06:13,20.5
787,2018-01-29 08:11:13,20.5
788,2018-01-29 08:16:13,20.5
789,2018-01-29 08:21:13,20.5
790,2018-01-29 08:26:13,20.5
791,2018-01-29 08:31:13,20.5
792,2018-01-29 08:36:13,20.5
793,2018-01-29 08:41:13,20.5
794,2018-01-29 08:46:13,20.5
795,2018-01-29 08:51:13,20.5
796,2018-01-29 08:56:13,20.5
797,2018-01-29 09:01:13,20.5
798,2018-01-29 09:06:13,20.5
799,2018-01-29 09:11:13,20.5
800,2018-01-29 09:16:13,20.5
801,2018-01-29 09:21:13,20.5
802,2018-01-29 09:26:13,20.5
803,2018-01-29 09:31:13,20.5
804,2018-01-29 09:36:13,20.5
805,2018-01-29 09:41:13,20.5
806,2018-01-29 09:46:13,20.5
807,2018-01-29 09:51:13,20.5
808,2018-01-29 09:56:13,20.5
809,2018-01-29 10:01:13,20.5
810,2018-01-29 10:06:13,20.5
811,2018-01-29 10:11:13,20.5
812,2018-01-29 10:16:13,20.5
813,2018-01-29 10:21:13,20.5
814,2018-01-29 10:26:13,20.5
815,2018-01-29 10:31:13,20.5
816,2018-01-29 10:36:13,20.5
817,2018-01-29 10:41:13,20.5
818,2018-01-29 10:46:13,20.5
819,2018-01-29 10:51:13,20.5
820,2018-01-29 10:56:13,20.5
821,2018-01-29 11:01:13,20.5
822,2018-01-29 11:06:13,20.5
823,2018-01-29 11:11:13,20.5
824,2018-01-29 11:16:13,20.5
825,2018-01-29 11:21:13,20.5
826,2018-01-29 11:26:13,20.5
827,2018-01-29 11:31:13,20.5
828,2018-01-29 11:36:13,20.5
829,2018-01-29 11:41:13,20.5
830,2018-01-29 11:46:13,20.5
831,2018-01-29 11:51:13,20.5
832,2018-01-29 11:56:13,20.5
833,2018-01-29 12:01:13,20.5
834,2018-01-29 12:06:13,20.5
835,2018-01-29 12:11:13,20.5
836,2018-01-29 12:16:13,20.5
837,2018-01-29 12:21:13,20.5
838,2018-01-29 12:26:13,20.5
839,2018-01-29 12:31:13,20.5
840,2018-01-29 12:36:13,20.5
841,2018-01-29 12:41:13,20.5
842,2018-01-29 12:46:13,20.5
843,2018-01-29 12:51:13,20.5
844,2018-01-29 12:56:13,20.5
845,2018-01-29 13:01:13,20.5
846,2018-01-29 13:06:13,20.5
847,2018-01-29 13:11:13,20.5
848,2018-01-29 13:16:13,20.5
849,2018-01-29 13:21:13,20.5
850,2018-01-29 13:26:13,20.5
851,2018-01-29 13:31:13,20.5
852,2018-01-29 13:36:13,20.5
853,2018-01-29 13:41:13,20.5
854,2018-01-29 13:46:13,20.5
855,2018-01-29 13:51:13,20.5
856,2018-01-29 13:56:13,20.5
857,2018-01-29 14:01:13,20.5
858,2018-01-29 14:06:13,20.5
859,2018-01-29 14:11:13,20.5
860,2018-01-29 14:16:13,20.5
861,2018-01-29 14:21:13,20.5
862,2018-01-29 14:26:13,20.5
863,2018-01-29 14:31:13,20.5
864,2018-01-29 14:36:13,20.5
865,2018-01-29 14:41:13,20.5
866,2018-01-29 14:46:13,20.5
867,2018-01-29 14:51:13,20.5
868,2018-01-29 14:56:13,20.5
869,2018-01-29 15:01:13,20.5
870,2018-01-29 15:06:13,20.5
871,2018-01-29 15:11:13,20.5
872,2018-01-29 15:16:13,20.5
873,2018-01-29 15:21:13,20.5
874,2018-01-29 15:26:13,20.5
875,2018-01-29 15:31:13,20.5
876,2018-01-29 15:36:13,20.5
877,2018-01-29 15:41:13,20.5
878,2018-01-29 15:46:13,20.5
879,2018-01-29 15:51:13,20.5
880,2018-01-29 15:56:13,20.5
881,2018-01-29 16:01:13,20.5
882,2018-01-29 16:06:13,20.5
883,2018-01-29 16:11:13,20.5
884,2018-01-29 16:16:13,20.6
885,2018-01-29 16:21:13,20.6
886,2018-01-29 16:26:13,20.5
887,2018-01-29 16:31:13,20.5
888,2018-01-29 16:36:13,20.5
889,2018-01-29 16:41:13,20.6
890,2018-01-29 16:46:13,20.5
891,2018-01-29 16:51:13,20.6
892,2018-01-29 16:56:13,20.6
893,2018-01-29 17:01:13,20.6
894,2018-01-29 17:06:13,20.6
895,2018-01-29 17:11:13,20.6
896,2018-01-29 17:16:13,20.6
897,2018-01-29 17:21:13,20.7
898,2018-01-29 17:26:13,20.7
899,2018-01-29 17:31:13,20.7
900,2018-01-29 17:36:13,20.8
901,2018-01-29 17:41:13,20.8
902,2018-01-29 17:46:13,20.8
903,2018-01-29 17:51:13,20.9
904,2018-01-29 17:56:13,20.8
905,2018-01-29 18:01:13,20.8
906,2018-01-29 18:06:13,20.8
907,2018-01-29 18:11:13,20.8
908,2018-01-29 18:16:13,20.8
909,2018-01-29 18:21:13,20.9
910,2018-01-29 18:26:13,20.9
911,2018-01-29 18:31:13,20.9
912,2018-01-29 18:36:13,20.9
913,2018-01-29 18:41:13,20.9
914,2018-01-29 18:46:13,20.9
915,2018-01-29 18:51:13,20.9
916,2018-01-29 18:56:13,20.9
917,2018-01-29 19:01:13,20.9
918,2018-01-29 19:06:13,20.9
919,2018-01-29 19:11:13,20.9
920,2018-01-29 19:16:13,20.9
921,2018-01-29 19:21:13,20.9
922,2018-01-29 19:26:13,20.9
923,2018-01-29 19:31:13,20.9
924,2018-01-29 19:36:13,20.9
925,2018-01-29 19:41:13,20.9
926,2018-01-29 19:46:13,20.9
927,2018-01-29 19:51:13,20.9
928,2018-01-29 19:56:13,20.9
929,2018-01-29 20:01:13,20.9
930,2018-01-29 20:06:13,20.9
931,2018-01-29 20:11:13,20.9
932,2018-01-29 20:16:13,20.9
933,2018-01-29 20:21:13,20.9
934,2018-01-29 20:26:13,20.9
935,2018-01-29 20:31:13,20.9
936,2018-01-29 20:36:13,20.9
937,2018-01-29 20:41:13,20.9
938,2018-01-29 20:46:13,20.9
939,2018-01-29 20:51:13,20.9
940,2018-01-29 20:56:13,20.9
941,2018-01-29 21:01:13,20.9
942,2018-01-29 21:06:13,20.9
943,2018-01-29 21:11:13,20.9
944,2018-01-29 21:16:13,20.9
945,2018-01-29 21:21:13,20.9
946,2018-01-29 21:26:13,20.9
947,2018-01-29 21:31:13,21
948,2018-01-29 21:36:13,21
949,2018-01-29 21:41:13,21
950,2018-01-29 21:46:13,21
951,2018-01-29 21:51:13,21
952,2018-01-29 21:56:13,21
953,2018-01-29 22:01:13,21
954,2018-01-29 22:06:13,21
955,2018-01-29 22:11:13,21
956,2018-01-29 22:16:13,21
957,2018-01-29 22:21:13,21
958,2018-01-29 22:26:13,21
959,2018-01-29 22:31:13,21.1
960,2018-01-29 22:36:13,21.1
961,2018-01-29 22:41:13,21.1
962,2018-01-29 22:46:13,21.1
963,2018-01-29 22:51:13,21.1
964,2018-01-29 22:56:13,21.1
965,2018-01-29 23:01:13,21.1
966,2018-01-29 23:06:13,21.1
967,2018-01-29 23:11:13,21.1
968,2018-01-29 23:16:13,21.1
969,2018-01-29 23:21:13,21.1
970,2018-01-29 23:26:13,21.1
971,2018-01-29 23:31:13,21.1
972,2018-01-29 23:36:13,21.1
973,2018-01-29 23:41:13,21.1
974,2018-01-29 23:46:13,21.1
975,2018-01-29 23:51:13,21.1
976,2018-01-29 23:56:13,21.1
977,2018-01-30 00:01:13,21.1
978,2018-01-30 00:06:13,21.1
979,2018-01-30 00:11:13,21
980,2018-01-30 00:16:13,21.1
981,2018-01-30 00:21:13,21.1
982,2018-01-30 00:26:13,21.1
983,2018-01-30 00:31:13,21.1
984,2018-01-30 00:36:13,21.1
985,2018-01-30 00:41:13,21.1
986,2018-01-30 00:46:13,21
987,2018-01-30 00:51:13,21
988,2018-01-30 00:56:13,21
989,2018-01-30 01:01:13,21
990,2018-01-30 01:06:13,21.1
991,2018-01-30 01:11:13,21
992,2018-01-30 01:16:13,21
993,2018-01-30 01:21:13,21
994,2018-01-30 01:26:13,21
995,2018-01-30 01:31:13,21
996,2018-01-30 01:36:13,21.1
997,2018-01-30 01:41:13,21.1
998,2018-01-30 01:46:13,21.1
999,2018-01-30 01:51:13,21.1
1000,2018-01-30 01:56:13,21.1
1001,2018-01-30 02:01:13,21
1002,2018-01-30 02:06:13,21
1003,2018-01-30 02:11:13,21.1
1004,2018-01-30 02:16:13,21
1005,2018-01-30 02:21:13,21.1
1006,2018-01-30 02:26:13,21
1007,2018-01-30 02:31:13,21
1008,2018-01-30 02:36:13,21
1009,2018-01-30 02:41:13,21.1
1010,2018-01-30 02:46:13,21.1
1011,2018-01-30 02:51:13,21.1
1012,2018-01-30 02:56:13,21.1
1013,2018-01-30 03:01:13,21.1
1014,2018-01-30 03:06:13,21
1015,2018-01-30 03:11:13,21.1
1016,2018-01-30 03:16:13,21.1
1017,2018-01-30 03:21:13,21.1
1018,2018-01-30 03:26:13,21
1019,2018-01-30 03:31:13,21
1020,2018-01-30 03:36:13,21
1021,2018-01-30 03:41:13,21
1022,2018-01-30 03:46:13,21
1023,2018-01-30 03:51:13,21
1024,2018-01-30 03:56:13,21
1025,2018-01-30 04:01:13,21
1026,2018-01-30 04:06:13,21
1027,2018-01-30 04:11:13,21
1028,2018-01-30 04:16:13,21
1029,2018-01-30 04:21:13,21
1030,2018-01-30 04:26:13,21
1031,2018-01-30 04:31:13,21
1032,2018-01-30 04:36:13,21
1033,2018-01-30 04:41:13,21
1034,2018-01-30 04:46:13,21
1035,2018-01-30 04:51:13,21.1
1036,2018-01-30 04:56:13,21
1037,2018-01-30 05:01:13,21
1038,2018-01-30 05:06:13,21
1039,2018-01-30 05:11:13,21.1
1040,2018-01-30 05:16:13,21.1
1041,2018-01-30 05:21:13,21.1
1042,2018-01-30 05:26:13,21.1
1043,2018-01-30 05:31:13,21.1
1044,2018-01-30 05:36:13,21.1
1045,2018-01-30 05:41:13,21.1
1046,2018-01-30 05:46:13,21.1
1047,2018-01-30 05:51:13,21.1
1048,2018-01-30 05:56:13,21.1
1049,2018-01-30 06:01:13,21.1
1050,2018-01-30 06:06:13,21.1
1051,2018-01-30 06:11:13,21.1
1052,2018-01-30 06:16:13,21
1053,2018-01-30 06:21:13,21
1054,2018-01-30 06:26:13,21
1055,2018-01-30 06:31:13,21
1056,2018-01-30 06:36:13,21.1
1057,2018-01-30 06:41:13,21
1058,2018-01-30 06:46:13,21.1
1059,2018-01-30 06:51:13,21
1060,2018-01-30 06:56:13,21.1
1061,2018-01-30 07:01:13,21.1
1062,2018-01-30 07:06:13,21.1
1063,2018-01-30 07:11:13,21.1
1064,2018-01-30 07:16:13,21.1
1065,2018-01-30 07:21:13,21.1
1066,2018-01-30 07:26:13,21
1067,2018-01-30 07:31:13,21
1068,2018-01-30 07:36:13,21
1069,2018-01-30 07:41:13,21
1070,2018-01-30 07:46:13,21
1071,2018-01-30 07:51:13,21
1072,2018-01-30 07:56:13,21
1073,2018-01-30 08:01:13,21
1074,2018-01-30 08:06:13,21
1075,2018-01-30 08:11:13,21
1076,2018-01-30 08:16:13,21
1077,2018-01-30 08:21:13,21
1078,2018-01-30 08:26:13,21.1
1079,2018-01-30 08:31:13,21
1080,2018-01-30 08:36:13,21
1081,2018-01-30 08:41:13,21
1082,2018-01-30 08:46:13,21
1083,2018-01-30 08:51:13,21.1
1084,2018-01-30 08:56:13,21.1
1085,2018-01-30 09:01:13,21.1
1086,2018-01-30 09:06:13,21.1
1087,2018-01-30 09:11:13,21.1
1088,2018-01-30 09:16:13,21.1
1089,2018-01-30 09:21:13,21.1
1090,2018-01-30 09:26:13,21.1
1091,2018-01-30 09:31:13,21.1
1092,2018-01-30 09:36:13,21.1
1093,2018-01-30 09:41:13,21.1
1094,2018-01-30 09:46:13,21.1
1095,2018-01-30 09:51:13,21.1
1096,2018-01-30 09:56:13,21.1
1097,2018-01-30 10:01:13,21.1
1098,2018-01-30 10:06:13,21.1
1099,2018-01-30 10:11:13,21.1
1100,2018-01-30 10:16:13,21.1
1101,2018-01-30 10:21:13,21.1
1102,2018-01-30 10:26:13,21.1
1103,2018-01-30 10:31:13,21.1
1104,2018-01-30 10:36:13,21.1
1105,2018-01-30 10:41:13,21.1
1106,2018-01-30 10:46:13,21.1
1107,2018-01-30 10:51:13,21.1
1108,2018-01-30 10:56:13,21.1
1109,2018-01-30 11:01:13,21.1
1110,2018-01-30 11:06:13,21.1
1111,2018-01-30 11:11:13,21.1
1112,2018-01-30 11:16:13,21
1113,2018-01-30 11:21:13,21
1114,2018-01-30 11:26:13,21
1115,2018-01-30 11:31:13,21
1116,2018-01-30 11:36:13,21
1117,2018-01-30 11:41:13,21
1118,2018-01-30 11:46:13,21
1119,2018-01-30 11:51:13,21
1120,2018-01-30 11:56:13,21
1121,2018-01-30 12:01:13,21
1122,2018-01-30 12:06:13,21
1123,2018-01-30 12:11:13,21
1124,2018-01-30 12:16:13,21
1125,2018-01-30 12:21:13,21
1126,2018-01-30 12:26:13,21
1127,2018-01-30 12:31:13,21
1128,2018-01-30 12:36:13,21
1129,2018-01-30 12:41:13,21
1130,2018-01-30 12:46:13,21
1131,2018-01-30 12:51:13,21
1132,2018-01-30 12:56:13,21
1133,2018-01-30 13:01:13,21
1134,2018-01-30 13:06:13,21
1135,2018-01-30 13:11:13,21
1136,2018-01-30 13:16:13,21
1137,2018-01-30 13:21:13,21
1138,2018-01-30 13:26:13,21
1139,2018-01-30 13:31:13,21
1140,2018-01-30 13:36:13,21
1141,2018-01-30 13:41:13,21
1142,2018-01-30 13:46:13,21
1143,2018-01-30 13:51:13,21
1144,2018-01-30 13:56:13,21
1145,2018-01-30 14:01:13,21
1146,2018-01-30 14:06:13,21
1147,2018-01-30 14:11:13,21
1148,2018-01-30 14:16:13,21
1149,2018-01-30 14:21:13,21
1150,2018-01-30 14:26:13,21
1151,2018-01-30 14:31:13,21
1152,2018-01-30 14:36:13,21
1153,2018-01-30 14:41:13,21
1154,2018-01-30 14:46:13,21
1155,2018-01-30 14:51:13,20.9
1156,2018-01-30 14:56:13,20.9
1157,2018-01-30 15:01:13,20.9
1158,2018-01-30 15:06:13,20.9
1159,2018-01-30 15:11:13,20.9
1160,2018-01-30 15:16:13,20.9
1161,2018-01-30 15:21:13,20.9
1162,2018-01-30 15:26:13,20.9
1163,2018-01-30 15:31:13,21
1164,2018-01-30 15:36:13,21
1165,2018-01-30 15:41:13,21
1166,2018-01-30 15:46:13,21
1167,2018-01-30 15:51:13,20.9
1168,2018-01-30 15:56:13,20.9
1169,2018-01-30 16:01:13,20.9
1170,2018-01-30 16:06:13,21
1171,2018-01-30 16:11:13,21
1172,2018-01-30 16:16:13,20.9
1173,2018-01-30 16:21:13,21
1174,2018-01-30 16:26:13,20.9
1175,2018-01-30 16:31:13,20.9
1176,2018-01-30 16:36:13,20.9
1177,2018-01-30 16:41:13,20.9
1178,2018-01-30 16:46:13,20.9
1179,2018-01-30 16:51:13,20.9
1180,2018-01-30 16:56:13,20.9
1181,2018-01-30 17:01:13,20.9
1182,2018-01-30 17:06:13,20.9
1183,2018-01-30 17:11:13,20.9
1184,2018-01-30 17:16:13,20.9
1185,2018-01-30 17:21:13,20.9
1186,2018-01-30 17:26:13,20.9
1187,2018-01-30 17:31:13,20.9
1188,2018-01-30 17:36:13,20.9
1189,2018-01-30 17:41:13,20.9
1190,2018-01-30 17:46:13,20.9
1191,2018-01-30 17:51:13,20.9
1192,2018-01-30 17:56:13,20.9
1193,2018-01-30 18:01:13,20.9
1194,2018-01-30 18:06:13,20.9
1195,2018-01-30 18:11:13,20.9
1196,2018-01-30 18:16:13,20.9
1197,2018-01-30 18:21:13,20.9
1198,2018-01-30 18:26:13,20.9
1199,2018-01-30 18:31:13,20.9
1200,2018-01-30 18:36:13,20.9
1201,2018-01-30 18:41:13,20.9
1202,2018-01-30 18:46:13,20.9
1203,2018-01-30 18:51:13,20.9
1204,2018-01-30 18:56:13,20.9
1205,2018-01-30 19:01:13,20.9
1206,2018-01-30 19:06:13,20.9
1207,2018-01-30 19:11:13,20.9
1208,2018-01-30 19:16:13,20.9
1209,2018-01-30 19:21:13,20.9
1210,2018-01-30 19:26:13,20.9
1211,2018-01-30 19:31:13,20.9
1212,2018-01-30 19:36:13,20.9
1213,2018-01-30 19:41:13,20.9
1214,2018-01-30 19:46:13,20.9
1215,2018-01-30 19:51:13,20.9
1216,2018-01-30 19:56:13,20.9
1217,2018-01-30 20:01:13,20.9
1218,2018-01-30 20:06:13,20.9
1219,2018-01-30 20:11:13,20.9
1220,2018-01-30 20:16:13,20.9
1221,2018-01-30 20:21:13,20.9
1222,2018-01-30 20:26:13,20.9
1223,2018-01-30 20:31:13,20.9
1224,2018-01-30 20:36:13,20.9
1225,2018-01-30 20:41:13,20.9
1226,2018-01-30 20:46:13,20.9
1227,2018-01-30 20:51:13,20.9
1228,2018-01-30 20:56:13,20.9
1229,2018-01-30 21:01:13,20.9
1230,2018-01-30 21:06:13,20.9
1231,2018-01-30 21:11:13,20.9
1232,2018-01-30 21:16:13,20.9
1233,2018-01-30 21:21:13,20.9
1234,2018-01-30 21:26:13,20.9
1235,2018-01-30 21:31:13,20.9
1236,2018-01-30 21:36:13,20.9
1237,2018-01-30 21:41:13,20.9
1238,2018-01-30 21:46:13,20.9
1239,2018-01-30 21:51:13,20.9
1240,2018-01-30 21:56:13,20.9
1241,2018-01-30 22:01:13,20.9
1242,2018-01-30 22:06:13,20.9
1243,2018-01-30 22:11:13,20.9
1244,2018-01-30 22:16:13,20.9
1245,2018-01-30 22:21:13,20.9
1246,2018-01-30 22:26:13,20.9
1247,2018-01-30 22:31:13,20.9
1248,2018-01-30 22:36:13,20.9
1249,2018-01-30 22:41:13,20.9
1250,2018-01-30 22:46:13,21
1251,2018-01-30 22:51:13,21
1252,2018-01-30 22:56:13,21
1253,2018-01-30 23:01:13,20.9
1254,2018-01-30 23:06:13,20.9
1255,2018-01-30 23:11:13,21
1256,2018-01-30 23:16:13,21
1257,2018-01-30 23:21:13,21
1258,2018-01-30 23:26:13,21
1259,2018-01-30 23:31:13,21
1260,2018-01-30 23:36:13,21
1261,2018-01-30 23:41:13,21
1262,2018-01-30 23:46:13,21
1263,2018-01-30 23:51:13,21
1264,2018-01-30 23:56:13,21
1265,2018-01-31 00:01:13,21
1266,2018-01-31 00:06:13,21
1267,2018-01-31 00:11:13,21
1268,2018-01-31 00:16:13,21
1269,2018-01-31 00:21:13,21
1270,2018-01-31 00:26:13,21
1271,2018-01-31 00:31:13,21
1272,2018-01-31 00:36:13,21
1273,2018-01-31 00:41:13,21
1274,2018-01-31 00:46:13,21
1275,2018-01-31 00:51:13,21
1276,2018-01-31 00:56:13,21
1277,2018-01-31 01:01:13,21
1278,2018-01-31 01:06:13,21
1279,2018-01-31 01:11:13,21
1280,2018-01-31 01:16:13,21
1281,2018-01-31 01:21:13,21
1282,2018-01-31 01:26:13,21
1283,2018-01-31 01:31:13,21
1284,2018-01-31 01:36:13,21
1285,2018-01-31 01:41:13,21
1286,2018-01-31 01:46:13,21
1287,2018-01-31 01:51:13,21
1288,2018-01-31 01:56:13,21
1289,2018-01-31 02:01:13,21
1290,2018-01-31 02:06:13,21
1291,2018-01-31 02:11:13,21
1292,2018-01-31 02:16:13,21
1293,2018-01-31 02:21:13,21
1294,2018-01-31 02:26:13,21
1295,2018-01-31 02:31:13,21
1296,2018-01-31 02:36:13,21
1297,2018-01-31 02:41:13,21
1298,2018-01-31 02:46:13,21
1299,2018-01-31 02:51:13,21
1300,2018-01-31 02:56:13,21
1301,2018-01-31 03:01:13,21
1302,2018-01-31 03:06:13,21
1303,2018-01-31 03:11:13,21
1304,2018-01-31 03:16:13,21
1305,2018-01-31 03:21:13,21
1306,2018-01-31 03:26:13,21
1307,2018-01-31 03:31:13,21
1308,2018-01-31 03:36:13,21
1309,2018-01-31 03:41:13,21
1310,2018-01-31 03:46:13,21
1311,2018-01-31 03:51:13,21
1312,2018-01-31 03:56:13,21
1313,2018-01-31 04:01:13,21
1314,2018-01-31 04:06:13,20.9
1315,2018-01-31 04:11:13,21
1316,2018-01-31 04:16:13,21
1317,2018-01-31 04:21:13,20.9
1318,2018-01-31 04:26:13,21
1319,2018-01-31 04:31:13,21
1320,2018-01-31 04:36:13,21
1321,2018-01-31 04:41:13,20.9
1322,2018-01-31 04:46:13,20.9
1323,2018-01-31 04:51:13,20.9
1324,2018-01-31 04:56:13,20.9
1325,2018-01-31 05:01:13,20.9
1326,2018-01-31 05:06:13,20.9
1327,2018-01-31 05:11:13,20.9
1328,2018-01-31 05:16:13,20.9
1329,2018-01-31 05:21:13,20.9
1330,2018-01-31 05:26:13,20.9
1331,2018-01-31 05:31:13,20.9
1332,2018-01-31 05:36:13,20.9
1333,2018-01-31 05:41:13,20.9
1334,2018-01-31 05:46:13,20.9
1335,2018-01-31 05:51:13,20.9
1336,2018-01-31 05:56:13,20.9
1337,2018-01-31 06:01:13,20.9
1338,2018-01-31 06:06:13,20.9
1339,2018-01-31 06:11:13,20.9
1340,2018-01-31 06:16:13,20.9
1341,2018-01-31 06:21:13,20.9
1342,2018-01-31 06:26:13,20.9
1343,2018-01-31 06:31:13,20.9
1344,2018-01-31 06:36:13,20.9
1345,2018-01-31 06:41:13,20.9
1346,2018-01-31 06:46:13,20.9
1347,2018-01-31 06:51:13,20.9
1348,2018-01-31 06:56:13,20.9
1349,2018-01-31 07:01:13,20.9
1350,2018-01-31 07:06:13,20.9
1351,2018-01-31 07:11:13,20.9
1352,2018-01-31 07:16:13,20.9
1353,2018-01-31 07:21:13,20.9
1354,2018-01-31 07:26:13,20.9
1355,2018-01-31 07:31:13,20.9
1356,2018-01-31 07:36:13,20.9
1357,2018-01-31 07:41:13,20.9
1358,2018-01-31 07:46:13,20.9
1359,2018-01-31 07:51:13,20.9
1360,2018-01-31 07:56:13,21
1361,2018-01-31 08:01:13,21
1362,2018-01-31 08:06:13,21
1363,2018-01-31 08:11:13,21
1364,2018-01-31 08:16:13,21
1365,2018-01-31 08:21:13,21
1366,2018-01-31 08:26:13,21
1367,2018-01-31 08:31:13,21
1368,2018-01-31 08:36:13,21
1369,2018-01-31 08:41:13,21
1370,2018-01-31 08:46:13,21
1371,2018-01-31 08:51:13,21
1372,2018-01-31 08:56:13,21
1373,2018-01-31 09:01:13,21
1374,2018-01-31 09:06:13,21
1375,2018-01-31 09:11:13,21
1376,2018-01-31 09:16:13,21
1377,2018-01-31 09:21:13,21
1378,2018-01-31 09:26:13,21
1379,2018-01-31 09:31:13,21
1380,2018-01-31 09:36:13,21
1381,2018-01-31 09:41:13,21
1382,2018-01-31 09:46:13,21
1383,2018-01-31 09:51:13,21
1384,2018-01-31 09:56:13,21
1385,2018-01-31 10:01:13,21
1386,2018-01-31 10:06:13,21
1387,2018-01-31 10:11:13,21
1388,2018-01-31 10:16:13,21
1389,2018-01-31 10:21:13,21
1390,2018-01-31 10:26:13,20.9
1391,2018-01-31 10:31:13,20.9
1392,2018-01-31 10:36:13,20.9
1393,2018-01-31 10:41:13,20.9
1394,2018-01-31 10:46:13,20.9
1395,2018-01-31 10:51:13,20.9
1396,2018-01-31 10:56:13,20.9
1397,2018-01-31 11:01:13,20.9
1398,2018-01-31 11:06:13,20.9
1399,2018-01-31 11:11:13,20.9
1400,2018-01-31 11:16:13,20.9
1401,2018-01-31 11:21:13,20.9
1402,2018-01-31 11:26:13,20.9
1403,2018-01-31 11:31:13,20.9
1404,2018-01-31 11:36:13,20.9
1405,2018-01-31 11:41:13,20.9
1406,2018-01-31 11:46:13,20.9
1407,2018-01-31 11:51:13,20.9
1408,2018-01-31 11:56:13,20.9
1409,2018-01-31 12:01:13,20.9
1410,2018-01-31 12:06:13,20.9
1411,2018-01-31 12:11:13,20.9
1412,2018-01-31 12:16:13,20.9
1413,2018-01-31 12:21:13,20.9
1414,2018-01-31 12:26:13,20.9
1415,2018-01-31 12:31:13,21
1416,2018-01-31 12:36:13,21
1417,2018-01-31 12:41:13,20.9
1418,2018-01-31 12:46:13,21
1419,2018-01-31 12:51:13,21
1420,2018-01-31 12:56:13,21
1421,2018-01-31 13:01:13,21
1422,2018-01-31 13:06:13,21
1423,2018-01-31 13:11:13,21
1424,2018-01-31 13:16:13,21
1425,2018-01-31 13:21:13,21
1426,2018-01-31 13:26:13,21
1427,2018-01-31 13:31:13,21
1428,2018-01-31 13:36:13,21
1429,2018-01-31 13:41:13,21
1430,2018-01-31 13:46:13,21
1431,2018-01-31 13:51:13,21
1432,2018-01-31 13:56:13,21
1433,2018-01-31 14:01:13,21
1434,2018-01-31 14:06:13,21
1435,2018-01-31 14:11:13,21
1436,2018-01-31 14:16:13,21
1437,2018-01-31 14:21:13,21
1438,2018-01-31 14:26:13,21
1439,2018-01-31 14:31:13,21
1440,2018-01-31 14:36:13,21
1441,2018-01-31 14:41:13,21
1442,2018-01-31 14:46:13,21
1443,2018-01-31 14:51:13,21
1444,2018-01-31 14:56:13,21
1445,2018-01-31 15:01:13,21
1446,2018-01-31 15:06:13,21
1447,2018-01-31 15:11:13,21
1448,2018-01-31 15:16:13,21.1
1449,2018-01-31 15:21:13,21.1
1450,2018-01-31 15:26:13,21.1
1451,2018-01-31 15:31:13,21
1452,2018-01-31 15:36:13,21
1453,2018-01-31 15:41:13,21
1454,2018-01-31 15:46:13,21
1455,2018-01-31 15:51:13,21
1456,2018-01-31 15:56:13,21
1457,2018-01-31 16:01:13,21
1458,2018-01-31 16:06:13,21
1459,2018-01-31 16:11:13,21
1460,2018-01-31 16:16:13,21
1461,2018-01-31 16:21:13,21
1462,2018-01-31 16:26:13,21
1463,2018-01-31 16:31:13,21
1464,2018-01-31 16:36:13,21
1465,2018-01-31 16:41:13,21
1466,2018-01-31 16:46:13,21
1467,2018-01-31 16:51:13,21
1468,2018-01-31 16:56:13,21
1469,2018-01-31 17:01:13,21
1470,2018-01-31 17:06:13,21
1471,2018-01-31 17:11:13,21
1472,2018-01-31 17:16:13,21
1473,2018-01-31 17:21:13,21
1474,2018-01-31 17:26:13,21
1475,2018-01-31 17:31:13,21
1476,2018-01-31 17:36:13,21
1477,2018-01-31 17:41:13,21
1478,2018-01-31 17:46:13,21
1479,2018-01-31 17:51:13,21
1480,2018-01-31 17:56:13,21
1481,2018-01-31 18:01:13,21
1482,2018-01-31 18:06:13,21
1483,2018-01-31 18:11:13,21
1484,2018-01-31 18:16:13,21
1485,2018-01-31 18:21:13,21
1486,2018-01-31 18:26:13,21
1487,2018-01-31 18:31:13,21
1488,2018-01-31 18:36:13,21
1489,2018-01-31 18:41:13,21
1490,2018-01-31 18:46:13,21
1491,2018-01-31 18:51:13,21
1492,2018-01-31 18:56:13,21
1493,2018-01-31 19:01:13,21
1494,2018-01-31 19:06:13,21
1495,2018-01-31 19:11:13,21
1496,2018-01-31 19:16:13,21
1497,2018-01-31 19:21:13,21
1498,2018-01-31 19:26:13,21
1499,2018-01-31 19:31:13,21
1500,2018-01-31 19:36:13,21
1501,2018-01-31 19:41:13,21
1502,2018-01-31 19:46:13,21
1503,2018-01-31 19:51:13,21
1504,2018-01-31 19:56:13,21
1505,2018-01-31 20:01:13,21
1506,2018-01-31 20:06:13,21
1507,2018-01-31 20:11:13,21
1508,2018-01-31 20:16:13,21
1509,2018-01-31 20:21:13,21
1510,2018-01-31 20:26:13,21
1511,2018-01-31 20:31:13,21
1512,2018-01-31 20:36:13,21
1513,2018-01-31 20:41:13,21
1514,2018-01-31 20:46:13,21
1515,2018-01-31 20:51:13,21
1516,2018-01-31 20:56:13,21
1517,2018-01-31 21:01:13,21
1518,2018-01-31 21:06:13,21
1519,2018-01-31 21:11:13,21
1520,2018-01-31 21:16:13,21
1521,2018-01-31 21:21:13,21
1522,2018-01-31 21:26:13,21
1523,2018-01-31 21:31:13,21
1524,2018-01-31 21:36:13,21
1525,2018-01-31 21:41:13,21
1526,2018-01-31 21:46:13,21
1527,2018-01-31 21:51:13,21
1528,2018-01-31 21:56:13,21
1529,2018-01-31 22:01:13,21
1530,2018-01-31 22:06:13,21
1531,2018-01-31 22:11:13,21
1532,2018-01-31 22:16:13,21.1
1533,2018-01-31 22:21:13,21
1534,2018-01-31 22:26:13,21
1535,2018-01-31 22:31:13,21
1536,2018-01-31 22:36:13,21
1537,2018-01-31 22:41:13,21.1
1538,2018-01-31 22:46:13,21.1
1539,2018-01-31 22:51:13,21
1540,2018-01-31 22:56:13,21
1541,2018-01-31 23:01:13,21
1542,2018-01-31 23:06:13,21
1543,2018-01-31 23:11:13,21.1
1544,2018-01-31 23:16:13,21.1
1545,2018-01-31 23:21:13,21.1
1546,2018-01-31 23:26:13,21.1
1547,2018-01-31 23:31:13,21.1
1548,2018-01-31 23:36:13,21.1
1549,2018-01-31 23:41:13,21.1
1550,2018-01-31 23:46:13,21.1
1551,2018-01-31 23:51:13,21.1
1552,2018-01-31 23:56:13,21.1
1553,2018-02-01 00:01:13,21.1
1554,2018-02-01 00:06:13,21.1
1555,2018-02-01 00:11:13,21.1
1556,2018-02-01 00:16:13,21.1
1557,2018-02-01 00:21:13,21.1
1558,2018-02-01 00:26:13,21
1559,2018-02-01 00:31:13,21
1560,2018-02-01 00:36:13,21
1561,2018-02-01 00:41:13,21
1562,2018-02-01 00:46:13,21
1563,2018-02-01 00:51:13,21
1564,2018-02-01 00:56:13,21
1565,2018-02-01 01:01:13,21.1
1566,2018-02-01 01:06:13,21.1
1567,2018-02-01 01:11:13,21.1
1568,2018-02-01 01:16:13,21.1
1569,2018-02-01 01:21:13,21.1
1570,2018-02-01 01:26:13,21.1
1571,2018-02-01 01:31:13,21.1
1572,2018-02-01 01:36:13,21.1
1573,2018-02-01 01:41:13,21.1
1574,2018-02-01 01:46:13,21.1
1575,2018-02-01 01:51:13,21.1
1576,2018-02-01 01:56:13,21.1
1577,2018-02-01 02:01:13,21.1
1578,2018-02-01 02:06:13,21.1
1579,2018-02-01 02:11:13,21.1
1580,2018-02-01 02:16:13,21.1
1581,2018-02-01 02:21:13,21.1
1582,2018-02-01 02:26:13,21.1
1583,2018-02-01 02:31:13,21.1
1584,2018-02-01 02:36:13,21.1
1585,2018-02-01 02:41:13,21.1
1586,2018-02-01 02:46:13,21.1
1587,2018-02-01 02:51:13,21.1
1588,2018-02-01 02:56:13,21.1
1589,2018-02-01 03:01:13,21.1
1590,2018-02-01 03:06:13,21
1591,2018-02-01 03:11:13,21
1592,2018-02-01 03:16:13,21
1593,2018-02-01 03:21:13,21
1594,2018-02-01 03:26:13,21
1595,2018-02-01 03:31:13,21
1596,2018-02-01 03:36:13,21
1597,2018-02-01 03:41:13,21
1598,2018-02-01 03:46:13,21
1599,2018-02-01 03:51:13,21
1600,2018-02-01 03:56:13,21
1601,2018-02-01 04:01:13,21
1602,2018-02-01 04:06:13,21
1603,2018-02-01 04:11:13,21
1604,2018-02-01 04:16:13,21
1605,2018-02-01 04:21:13,21
1606,2018-02-01 04:26:13,21
1607,2018-02-01 04:31:13,21
1608,2018-02-01 04:36:13,21
1609,2018-02-01 04:41:13,21
1610,2018-02-01 04:46:13,21
1611,2018-02-01 04:51:13,21
1612,2018-02-01 04:56:13,21
1613,2018-02-01 05:01:13,21
1614,2018-02-01 05:06:13,21
1615,2018-02-01 05:11:13,21
1616,2018-02-01 05:16:13,21
1617,2018-02-01 05:21:13,21
1618,2018-02-01 05:26:13,21
1619,2018-02-01 05:31:13,21
1620,2018-02-01 05:36:13,21
1621,2018-02-01 05:41:13,21
1622,2018-02-01 05:46:13,21
1623,2018-02-01 05:51:13,20.9
1624,2018-02-01 05:56:13,20.9
1625,2018-02-01 06:01:13,20.9
1626,2018-02-01 06:06:13,20.9
1627,2018-02-01 06:11:13,20.9
1628,2018-02-01 06:16:13,20.9
1629,2018-02-01 06:21:13,20.9
1630,2018-02-01 06:26:13,20.9
1631,2018-02-01 06:31:13,20.9
1632,2018-02-01 06:36:13,20.9
1633,2018-02-01 06:41:13,20.9
1634,2018-02-01 06:46:13,20.9
1635,2018-02-01 06:51:13,20.9
1636,2018-02-01 06:56:13,20.9
1637,2018-02-01 07:01:13,20.9
1638,2018-02-01 07:06:13,20.9
1639,2018-02-01 07:11:13,20.9
1640,2018-02-01 07:16:13,20.9
1641,2018-02-01 07:21:13,21
1642,2018-02-01 07:26:13,21
1643,2018-02-01 07:31:13,20.9
1644,2018-02-01 07:36:13,20.9
1645,2018-02-01 07:41:13,20.9
1646,2018-02-01 07:46:13,20.9
1647,2018-02-01 07:51:13,20.9
1648,2018-02-01 07:56:13,20.9
1649,2018-02-01 08:01:13,20.9
1650,2018-02-01 08:06:13,20.9
1651,2018-02-01 08:11:13,20.9
1652,2018-02-01 08:16:13,20.9
1653,2018-02-01 08:21:13,20.9
1654,2018-02-01 08:26:13,20.9
1655,2018-02-01 08:31:13,20.9
1656,2018-02-01 08:36:13,20.9
1657,2018-02-01 08:41:13,20.9
1658,2018-02-01 08:46:13,20.9
1659,2018-02-01 08:51:13,20.9
1660,2018-02-01 08:56:13,20.9
1661,2018-02-01 09:01:13,20.9
1662,2018-02-01 09:06:13,20.9
1663,2018-02-01 09:11:13,20.9
1664,2018-02-01 09:16:13,20.9
1665,2018-02-01 09:21:13,20.9
1666,2018-02-01 09:26:13,20.9
1667,2018-02-01 09:31:13,20.9
1668,2018-02-01 09:36:13,20.9
1669,2018-02-01 09:41:13,20.9
1670,2018-02-01 09:46:13,20.9
1671,2018-02-01 09:51:13,20.9
1672,2018-02-01 09:56:13,20.9
1673,2018-02-01 10:01:13,20.9
1674,2018-02-01 10:06:13,20.9
1675,2018-02-01 10:11:13,20.9
1676,2018-02-01 10:16:13,20.9
1677,2018-02-01 10:21:13,20.9
1678,2018-02-01 10:26:13,20.9
1679,2018-02-01 10:31:13,20.9
1680,2018-02-01 10:36:13,20.9
1681,2018-02-01 10:41:13,20.9
1682,2018-02-01 10:46:13,20.9
1683,2018-02-01 10:51:13,20.9
1684,2018-02-01 10:56:13,21
1685,2018-02-01 11:01:13,20.9
1686,2018-02-01 11:06:13,20.9
1687,2018-02-01 11:11:13,20.9
1688,2018-02-01 11:16:13,20.9
1689,2018-02-01 11:21:13,20.9
1690,2018-02-01 11:26:13,20.9
1691,2018-02-01 11:31:13,20.9
1692,2018-02-01 11:36:13,20.9
1693,2018-02-01 11:41:13,20.9
1694,2018-02-01 11:46:13,20.9
1695,2018-02-01 11:51:13,20.9
1696,2018-02-01 11:56:13,20.9
1697,2018-02-01 12:01:13,20.9
1698,2018-02-01 12:06:13,20.9
1699,2018-02-01 12:11:13,21
1700,2018-02-01 12:16:13,21
1701,2018-02-01 12:21:13,21
1702,2018-02-01 12:26:13,21
1703,2018-02-01 12:31:13,21
1704,2018-02-01 12:36:13,21
1705,2018-02-01 12:41:13,21
1706,2018-02-01 12:46:13,20.9
1707,2018-02-01 12:51:13,20.9
1708,2018-02-01 12:56:13,20.9
1709,2018-02-01 13:01:13,20.9
1710,2018-02-01 13:06:13,20.9
1711,2018-02-01 13:11:13,20.9
1712,2018-02-01 13:16:13,20.9
1713,2018-02-01 13:21:13,20.9
1714,2018-02-01 13:26:13,20.9
1715,2018-02-01 13:31:13,20.9
1716,2018-02-01 13:36:13,20.9
1717,2018-02-01 13:41:13,21
1718,2018-02-01 13:46:13,21
1719,2018-02-01 13:51:13,21
1720,2018-02-01 13:56:13,21
1721,2018-02-01 14:01:13,21
1722,2018-02-01 14:06:13,21
1723,2018-02-01 14:11:13,21
1724,2018-02-01 14:16:13,21
1725,2018-02-01 14:21:13,21
1726,2018-02-01 14:26:13,21
1727,2018-02-01 14:31:13,21
1728,2018-02-01 14:36:13,21
1729,2018-02-01 14:41:13,21
1730,2018-02-01 14:46:13,21
1731,2018-02-01 14:51:13,21
1732,2018-02-01 14:56:13,21
1733,2018-02-01 15:01:13,21
1734,2018-02-01 15:06:13,21
1735,2018-02-01 15:11:13,21
1736,2018-02-01 15:16:13,21
1737,2018-02-01 15:21:13,21
1738,2018-02-01 15:26:13,21
1739,2018-02-01 15:31:13,21
1740,2018-02-01 15:36:13,21
1741,2018-02-01 15:41:13,21
1742,2018-02-01 15:46:13,21
1743,2018-02-01 15:51:13,21
1744,2018-02-01 15:56:13,21
1745,2018-02-01 16:01:13,21
1746,2018-02-01 16:06:13,21
1747,2018-02-01 16:11:13,21
1748,2018-02-01 16:16:13,21
1749,2018-02-01 16:21:13,21
1750,2018-02-01 16:26:13,21
1751,2018-02-01 16:31:13,21
1752,2018-02-01 16:36:13,21
1753,2018-02-01 16:41:13,21
1754,2018-02-01 16:46:13,21
1755,2018-02-01 16:51:13,21
1756,2018-02-01 16:56:13,21
1757,2018-02-01 17:01:13,21
1758,2018-02-01 17:06:13,21
1759,2018-02-01 17:11:13,21
1760,2018-02-01 17:16:13,21
1761,2018-02-01 17:21:13,21
1762,2018-02-01 17:26:13,21
1763,2018-02-01 17:31:13,21
1764,2018-02-01 17:36:13,21
1765,2018-02-01 17:41:13,21
1766,2018-02-01 17:46:13,21
1767,2018-02-01 17:51:13,21
1768,2018-02-01 17:56:13,21
1769,2018-02-01 18:01:13,21
1770,2018-02-01 18:06:13,21
1771,2018-02-01 18:11:13,21
1772,2018-02-01 18:16:13,21
1773,2018-02-01 18:21:13,21
1774,2018-02-01 18:26:13,21
1775,2018-02-01 18:31:13,21
1776,2018-02-01 18:36:13,21
1777,2018-02-01 18:41:13,21
1778,2018-02-01 18:46:13,21
1779,2018-02-01 18:51:13,21
1780,2018-02-01 18:56:13,21
1781,2018-02-01 19:01:13,21
1782,2018-02-01 19:06:13,21
1783,2018-02-01 19:11:13,21
1784,2018-02-01 19:16:13,21
1785,2018-02-01 19:21:13,21
1786,2018-02-01 19:26:13,21
1787,2018-02-01 19:31:13,21
1788,2018-02-01 19:36:13,21
1789,2018-02-01 19:41:13,21
1790,2018-02-01 19:46:13,21
1791,2018-02-01 19:51:13,21
1792,2018-02-01 19:56:13,21
1793,2018-02-01 20:01:13,21
1794,2018-02-01 20:06:13,21
1795,2018-02-01 20:11:13,21
1796,2018-02-01 20:16:13,21
1797,2018-02-01 20:21:13,21
1798,2018-02-01 20:26:13,21
1799,2018-02-01 20:31:13,21
1800,2018-02-01 20:36:13,20.9
1801,2018-02-01 20:41:13,20.9
1802,2018-02-01 20:46:13,20.9
1803,2018-02-01 20:51:13,20.9
1804,2018-02-01 20:56:13,20.9
1805,2018-02-01 21:01:13,20.9
1806,2018-02-01 21:06:13,20.9
1807,2018-02-01 21:11:13,20.9
1808,2018-02-01 21:16:13,20.9
1809,2018-02-01 21:21:13,20.9
1810,2018-02-01 21:26:13,20.9
1811,2018-02-01 21:31:13,20.9
1812,2018-02-01 21:36:13,21
1813,2018-02-01 21:41:13,21
1814,2018-02-01 21:46:13,21
1815,2018-02-01 21:51:13,21
1816,2018-02-01 21:56:13,21
1817,2018-02-01 22:01:13,21
1818,2018-02-01 22:06:13,21
1819,2018-02-01 22:11:13,20.9
1820,2018-02-01 22:16:13,20.9
1821,2018-02-01 22:21:13,20.9
1822,2018-02-01 22:26:13,20.9
1823,2018-02-01 22:31:13,21
1824,2018-02-01 22:36:13,21.1
1825,2018-02-01 22:41:13,21
1826,2018-02-01 22:46:13,21
1827,2018-02-01 22:51:13,20.9
1828,2018-02-01 22:56:13,20.9
1829,2018-02-01 23:01:13,20.9
1830,2018-02-01 23:06:13,20.9
1831,2018-02-01 23:11:13,20.9
1832,2018-02-01 23:16:13,20.9
1833,2018-02-01 23:21:13,20.9
1834,2018-02-01 23:26:13,20.9
1835,2018-02-01 23:31:13,20.9
1836,2018-02-01 23:36:13,20.9
1837,2018-02-01 23:41:13,20.9
1838,2018-02-01 23:46:13,20.9
1839,2018-02-01 23:51:13,20.9
1840,2018-02-01 23:56:13,20.9
1841,2018-02-02 00:01:13,20.9
1842,2018-02-02 00:06:13,20.9
1843,2018-02-02 00:11:13,20.9
1844,2018-02-02 00:16:13,20.9
1845,2018-02-02 00:21:13,21
1846,2018-02-02 00:26:13,20.9
1847,2018-02-02 00:31:13,20.9
1848,2018-02-02 00:36:13,20.9
1849,2018-02-02 00:41:13,20.9
1850,2018-02-02 00:46:13,20.9
1851,2018-02-02 00:51:13,20.9
1852,2018-02-02 00:56:13,20.9
1853,2018-02-02 01:01:13,20.9
1854,2018-02-02 01:06:13,20.9
1855,2018-02-02 01:11:13,20.9
1856,2018-02-02 01:16:13,20.9
1857,2018-02-02 01:21:13,20.9
1858,2018-02-02 01:26:13,20.9
1859,2018-02-02 01:31:13,20.9
1860,2018-02-02 01:36:13,20.9
1861,2018-02-02 01:41:13,20.9
1862,2018-02-02 01:46:13,20.9
1863,2018-02-02 01:51:13,20.9
1864,2018-02-02 01:56:13,20.9
1865,2018-02-02 02:01:13,20.9
1866,2018-02-02 02:06:13,20.9
1867,2018-02-02 02:11:13,20.9
1868,2018-02-02 02:16:13,20.9
1869,2018-02-02 02:21:13,20.9
1870,2018-02-02 02:26:13,20.9
1871,2018-02-02 02:31:13,20.9
1872,2018-02-02 02:36:13,20.9
1873,2018-02-02 02:41:13,20.9
1874,2018-02-02 02:46:13,20.9
1875,2018-02-02 02:51:13,20.9
1876,2018-02-02 02:56:13,20.9
1877,2018-02-02 03:01:13,20.9
1878,2018-02-02 03:06:13,20.9
1879,2018-02-02 03:11:13,20.9
1880,2018-02-02 03:16:13,20.9
1881,2018-02-02 03:21:13,20.9
1882,2018-02-02 03:26:13,20.9
1883,2018-02-02 03:31:13,20.9
1884,2018-02-02 03:36:13,20.9
1885,2018-02-02 03:41:13,20.9
1886,2018-02-02 03:46:13,20.9
1887,2018-02-02 03:51:13,20.9
1888,2018-02-02 03:56:13,20.9
1889,2018-02-02 04:01:13,20.9
1890,2018-02-02 04:06:13,20.9
1891,2018-02-02 04:11:13,20.9
1892,2018-02-02 04:16:13,20.9
1893,2018-02-02 04:21:13,20.9
1894,2018-02-02 04:26:13,20.9
1895,2018-02-02 04:31:13,20.9
1896,2018-02-02 04:36:13,20.9
1897,2018-02-02 04:41:13,20.9
1898,2018-02-02 04:46:13,20.9
1899,2018-02-02 04:51:13,20.9
1900,2018-02-02 04:56:13,20.9
1901,2018-02-02 05:01:13,20.9
1902,2018-02-02 05:06:13,20.9
1903,2018-02-02 05:11:13,20.9
1904,2018-02-02 05:16:13,20.9
1905,2018-02-02 05:21:13,20.9
1906,2018-02-02 05:26:13,20.9
1907,2018-02-02 05:31:13,20.9
1908,2018-02-02 05:36:13,20.9
1909,2018-02-02 05:41:13,20.9
1910,2018-02-02 05:46:13,20.9
1911,2018-02-02 05:51:13,20.9
1912,2018-02-02 05:56:13,20.9
1913,2018-02-02 06:01:13,20.9
1914,2018-02-02 06:06:13,20.9
1915,2018-02-02 06:11:13,20.9
1916,2018-02-02 06:16:13,20.9
1917,2018-02-02 06:21:13,20.9
1918,2018-02-02 06:26:13,20.9
1919,2018-02-02 06:31:13,20.9
1920,2018-02-02 06:36:13,20.9
1921,2018-02-02 06:41:13,20.9
1922,2018-02-02 06:46:13,20.9
1923,2018-02-02 06:51:13,20.9
1924,2018-02-02 06:56:13,20.9
1925,2018-02-02 07:01:13,20.9
1926,2018-02-02 07:06:13,20.9
1927,2018-02-02 07:11:13,20.9
1928,2018-02-02 07:16:13,20.9
1929,2018-02-02 07:21:13,20.9
1930,2018-02-02 07:26:13,20.9
1931,2018-02-02 07:31:13,20.9
1932,2018-02-02 07:36:13,20.9
1933,2018-02-02 07:41:13,20.9
1934,2018-02-02 07:46:13,20.9
1935,2018-02-02 07:51:13,20.9
1936,2018-02-02 07:56:13,20.9
1937,2018-02-02 08:01:13,20.9
1938,2018-02-02 08:06:13,20.9
1939,2018-02-02 08:11:13,20.9
1940,2018-02-02 08:16:13,20.9
1941,2018-02-02 08:21:13,20.9
1942,2018-02-02 08:26:13,20.9
1943,2018-02-02 08:31:13,20.9
1944,2018-02-02 08:36:13,20.9
1945,2018-02-02 08:41:13,20.9
1946,2018-02-02 08:46:13,20.9
1947,2018-02-02 08:51:13,20.9
1948,2018-02-02 08:56:13,20.9
1949,2018-02-02 09:01:13,20.9
1950,2018-02-02 09:06:13,20.9
1951,2018-02-02 09:11:13,20.9
1952,2018-02-02 09:16:13,20.9
1953,2018-02-02 09:21:13,20.9
1954,2018-02-02 09:26:13,20.9
1955,2018-02-02 09:31:13,20.9
1956,2018-02-02 09:36:13,20.9
1957,2018-02-02 09:41:13,20.9
1958,2018-02-02 09:46:13,20.9
1959,2018-02-02 09:51:13,20.9
1960,2018-02-02 09:56:13,20.9
1961,2018-02-02 10:01:13,20.9
1962,2018-02-02 10:06:13,20.9
1963,2018-02-02 10:11:13,20.9
1964,2018-02-02 10:16:13,20.9
1965,2018-02-02 10:21:13,20.9
1966,2018-02-02 10:26:13,20.9
1967,2018-02-02 10:31:13,20.9
1968,2018-02-02 10:36:13,20.9
1969,2018-02-02 10:41:13,20.9
1970,2018-02-02 10:46:13,20.9
1971,2018-02-02 10:51:13,20.9
1972,2018-02-02 10:56:13,20.9
1973,2018-02-02 11:01:13,20.9
1974,2018-02-02 11:06:13,20.9
1975,2018-02-02 11:11:13,20.9
1976,2018-02-02 11:16:13,20.9
1977,2018-02-02 11:21:13,20.9
1978,2018-02-02 11:26:13,20.9
1979,2018-02-02 11:31:13,20.9
1980,2018-02-02 11:36:13,20.9
1981,2018-02-02 11:41:13,20.9
1982,2018-02-02 11:46:13,20.9
1983,2018-02-02 11:51:13,20.9
1984,2018-02-02 11:56:13,20.9
1985,2018-02-02 12:01:13,20.9
1986,2018-02-02 12:06:13,20.9
1987,2018-02-02 12:11:13,20.9
1988,2018-02-02 12:16:13,20.9
1989,2018-02-02 12:21:13,20.9
1990,2018-02-02 12:26:13,20.9
1991,2018-02-02 12:31:13,20.9
1992,2018-02-02 12:36:13,21
1993,2018-02-02 12:41:13,20.9
1994,2018-02-02 12:46:13,20.9
1995,2018-02-02 12:51:13,20.9
1996,2018-02-02 12:56:13,20.9
1997,2018-02-02 13:01:13,20.9
1998,2018-02-02 13:06:13,20.9
1999,2018-02-02 13:11:13,20.9
2000,2018-02-02 13:16:13,20.9
2001,2018-02-02 13:21:13,20.9
2002,2018-02-02 13:26:13,20.9
2003,2018-02-02 13:31:13,20.9
2004,2018-02-02 13:36:13,20.9
2005,2018-02-02 13:41:13,20.9
2006,2018-02-02 13:46:13,20.9
2007,2018-02-02 13:51:13,20.9
2008,2018-02-02 13:56:13,20.9
2009,2018-02-02 14:01:13,20.9
2010,2018-02-02 14:06:13,20.9
2011,2018-02-02 14:11:13,20.9
2012,2018-02-02 14:16:13,20.9
2013,2018-02-02 14:21:13,20.9
2014,2018-02-02 14:26:13,20.9
2015,2018-02-02 14:31:13,20.9
2016,2018-02-02 14:36:13,20.9
2017,2018-02-02 14:41:13,20.9
2018,2018-02-02 14:46:13,20.9
2019,2018-02-02 14:51:13,20.9
2020,2018-02-02 14:56:13,20.8
2021,2018-02-02 15:01:13,20.8
2022,2018-02-02 15:06:13,20.8
2023,2018-02-02 15:11:13,20.8
2024,2018-02-02 15:16:13,20.8
2025,2018-02-02 15:21:13,20.8
2026,2018-02-02 15:26:13,20.8
2027,2018-02-02 15:31:13,20.8
2028,2018-02-02 15:36:13,20.7
2029,2018-02-02 15:41:13,20.7
2030,2018-02-02 15:46:13,20.7
2031,2018-02-02 15:51:13,20.7
2032,2018-02-02 15:56:13,20.7
2033,2018-02-02 16:01:13,20.7
2034,2018-02-02 16:06:13,20.7
2035,2018-02-02 16:11:13,20.7
2036,2018-02-02 16:16:13,20.7
2037,2018-02-02 16:21:13,20.7
2038,2018-02-02 16:26:13,20.7
2039,2018-02-02 16:31:13,20.7
2040,2018-02-02 16:36:13,20.7
2041,2018-02-02 16:41:13,20.7
2042,2018-02-02 16:46:13,20.7
2043,2018-02-02 16:51:13,20.7
2044,2018-02-02 16:56:13,20.7
2045,2018-02-02 17:01:13,20.7
2046,2018-02-02 17:06:13,20.7
2047,2018-02-02 17:11:13,20.7
2048,2018-02-02 17:16:13,20.7
2049,2018-02-02 17:21:13,20.7
2050,2018-02-02 17:26:13,20.7
2051,2018-02-02 17:31:13,20.7
2052,2018-02-02 17:36:13,20.7
2053,2018-02-02 17:41:13,20.7
2054,2018-02-02 17:46:13,20.7
2055,2018-02-02 17:51:13,20.7
2056,2018-02-02 17:56:13,20.7
2057,2018-02-02 18:01:13,20.7
2058,2018-02-02 18:06:13,20.6
2059,2018-02-02 18:11:13,20.7
2060,2018-02-02 18:16:13,20.6
2061,2018-02-02 18:21:13,20.6
2062,2018-02-02 18:26:13,20.6
2063,2018-02-02 18:31:13,20.6
2064,2018-02-02 18:36:13,20.6
2065,2018-02-02 18:41:13,20.6
2066,2018-02-02 18:46:13,20.6
2067,2018-02-02 18:51:13,20.6
2068,2018-02-02 18:56:13,20.6
2069,2018-02-02 19:01:13,20.6
2070,2018-02-02 19:06:13,20.6
2071,2018-02-02 19:11:13,20.6
2072,2018-02-02 19:16:13,20.6
2073,2018-02-02 19:21:13,20.6
2074,2018-02-02 19:26:13,20.6
2075,2018-02-02 19:31:13,20.6
2076,2018-02-02 19:36:13,20.6
2077,2018-02-02 19:41:13,20.6
2078,2018-02-02 19:46:13,20.6
2079,2018-02-02 19:51:13,20.6
2080,2018-02-02 19:56:13,20.6
2081,2018-02-02 20:01:13,20.6
2082,2018-02-02 20:06:13,20.6
2083,2018-02-02 20:11:13,20.6
2084,2018-02-02 20:16:13,20.6
2085,2018-02-02 20:21:13,20.6
2086,2018-02-02 20:26:13,20.6
2087,2018-02-02 20:31:13,20.6
2088,2018-02-02 20:36:13,20.6
2089,2018-02-02 20:41:13,20.6
2090,2018-02-02 20:46:13,20.6
2091,2018-02-02 20:51:13,20.6
2092,2018-02-02 20:56:13,20.6
2093,2018-02-02 21:01:13,20.6
2094,2018-02-02 21:06:13,20.6
2095,2018-02-02 21:11:13,20.6
2096,2018-02-02 21:16:13,20.6
2097,2018-02-02 21:21:13,20.6
2098,2018-02-02 21:26:13,20.6
2099,2018-02-02 21:31:13,20.6
2100,2018-02-02 21:36:13,20.6
2101,2018-02-02 21:41:13,20.6
2102,2018-02-02 21:46:13,20.6
2103,2018-02-02 21:51:13,20.6
2104,2018-02-02 21:56:13,20.6
2105,2018-02-02 22:01:13,20.6
2106,2018-02-02 22:06:13,20.6
2107,2018-02-02 22:11:13,20.6
2108,2018-02-02 22:16:13,20.6
2109,2018-02-02 22:21:13,20.6
2110,2018-02-02 22:26:13,20.6
2111,2018-02-02 22:31:13,20.6
2112,2018-02-02 22:36:13,20.6
2113,2018-02-02 22:41:13,20.6
2114,2018-02-02 22:46:13,20.6
2115,2018-02-02 22:51:13,20.5
2116,2018-02-02 22:56:13,20.5
2117,2018-02-02 23:01:13,20.5
2118,2018-02-02 23:06:13,20.7
2119,2018-02-02 23:11:13,20.6
2120,2018-02-02 23:16:13,20.6
2121,2018-02-02 23:21:13,20.6
2122,2018-02-02 23:26:13,20.6
2123,2018-02-02 23:31:13,20.6
2124,2018-02-02 23:36:13,20.6
2125,2018-02-02 23:41:13,20.6
2126,2018-02-02 23:46:13,20.6
2127,2018-02-02 23:51:13,20.6
2128,2018-02-02 23:56:13,20.6
2129,2018-02-03 00:01:13,20.6
2130,2018-02-03 00:06:13,20.6
2131,2018-02-03 00:11:13,20.6
2132,2018-02-03 00:16:13,20.6
2133,2018-02-03 00:21:13,20.6
2134,2018-02-03 00:26:13,20.6
2135,2018-02-03 00:31:13,20.6
2136,2018-02-03 00:36:13,20.6
2137,2018-02-03 00:41:13,20.6
2138,2018-02-03 00:46:13,20.6
2139,2018-02-03 00:51:13,20.6
2140,2018-02-03 00:56:13,20.6
2141,2018-02-03 01:01:13,20.6
2142,2018-02-03 01:06:13,20.6
2143,2018-02-03 01:11:13,20.6
2144,2018-02-03 01:16:13,20.6
2145,2018-02-03 01:21:13,20.6
2146,2018-02-03 01:26:13,20.6
2147,2018-02-03 01:31:13,20.6
2148,2018-02-03 01:36:13,20.6
2149,2018-02-03 01:41:13,20.6
2150,2018-02-03 01:46:13,20.6
2151,2018-02-03 01:51:13,20.6
2152,2018-02-03 01:56:13,20.6
2153,2018-02-03 02:01:13,20.6
2154,2018-02-03 02:06:13,20.6
2155,2018-02-03 02:11:13,20.6
2156,2018-02-03 02:16:13,20.6
2157,2018-02-03 02:21:13,20.6
2158,2018-02-03 02:26:13,20.6
2159,2018-02-03 02:31:13,20.6
2160,2018-02-03 02:36:13,20.6
2161,2018-02-03 02:41:13,20.6
2162,2018-02-03 02:46:13,20.6
2163,2018-02-03 02:51:13,20.6
2164,2018-02-03 02:56:13,20.6
2165,2018-02-03 03:01:13,20.6
2166,2018-02-03 03:06:13,20.6
2167,2018-02-03 03:11:13,20.6
2168,2018-02-03 03:16:13,20.6
2169,2018-02-03 03:21:13,20.6
2170,2018-02-03 03:26:13,20.6
2171,2018-02-03 03:31:13,20.6
2172,2018-02-03 03:36:13,20.6
2173,2018-02-03 03:41:13,20.6
2174,2018-02-03 03:46:13,20.6
2175,2018-02-03 03:51:13,20.6
2176,2018-02-03 03:56:13,20.6
2177,2018-02-03 04:01:13,20.6
2178,2018-02-03 04:06:13,20.6
2179,2018-02-03 04:11:13,20.6
2180,2018-02-03 04:16:13,20.6
2181,2018-02-03 04:21:13,20.6
2182,2018-02-03 04:26:13,20.6
2183,2018-02-03 04:31:13,20.6
2184,2018-02-03 04:36:13,20.6
2185,2018-02-03 04:41:13,20.5
2186,2018-02-03 04:46:13,20.5
2187,2018-02-03 04:51:13,20.5
2188,2018-02-03 04:56:13,20.5
2189,2018-02-03 05:01:13,20.5
2190,2018-02-03 05:06:13,20.5
2191,2018-02-03 05:11:13,20.5
2192,2018-02-03 05:16:13,20.6
2193,2018-02-03 05:21:13,20.6
2194,2018-02-03 05:26:13,20.6
2195,2018-02-03 05:31:13,20.6
2196,2018-02-03 05:36:13,20.6
2197,2018-02-03 05:41:13,20.6
2198,2018-02-03 05:46:13,20.6
2199,2018-02-03 05:51:13,20.6
2200,2018-02-03 05:56:13,20.6
2201,2018-02-03 06:01:13,20.6
2202,2018-02-03 06:06:13,20.6
2203,2018-02-03 06:11:13,20.6
2204,2018-02-03 06:16:13,20.6
2205,2018-02-03 06:21:13,20.6
2206,2018-02-03 06:26:13,20.6
2207,2018-02-03 06:31:13,20.6
2208,2018-02-03 06:36:13,20.6
2209,2018-02-03 06:41:13,20.6
2210,2018-02-03 06:46:13,20.6
2211,2018-02-03 06:51:13,20.6
2212,2018-02-03 06:56:13,20.6
2213,2018-02-03 07:01:13,20.6
2214,2018-02-03 07:06:13,20.6
2215,2018-02-03 07:11:13,20.6
2216,2018-02-03 07:16:13,20.6
2217,2018-02-03 07:21:13,20.6
2218,2018-02-03 07:26:13,20.6
2219,2018-02-03 07:31:13,20.6
2220,2018-02-03 07:36:13,20.6
2221,2018-02-03 07:41:13,20.6
2222,2018-02-03 07:46:13,20.6
2223,2018-02-03 07:51:13,20.6
2224,2018-02-03 07:56:13,20.6
2225,2018-02-03 08:01:13,20.6
2226,2018-02-03 08:06:13,20.6
2227,2018-02-03 08:11:13,20.6
2228,2018-02-03 08:16:13,20.6
2229,2018-02-03 08:21:13,20.6
2230,2018-02-03 08:26:13,20.6
2231,2018-02-03 08:31:13,20.6
2232,2018-02-03 08:36:13,20.6
2233,2018-02-03 08:41:13,20.6
2234,2018-02-03 08:46:13,20.6
2235,2018-02-03 08:51:13,20.6
2236,2018-02-03 08:56:13,20.6
2237,2018-02-03 09:01:13,20.6
2238,2018-02-03 09:06:13,20.6
2239,2018-02-03 09:11:13,20.6
2240,2018-02-03 09:16:13,20.6
2241,2018-02-03 09:21:13,20.6
2242,2018-02-03 09:26:13,20.6
2243,2018-02-03 09:31:13,20.6
2244,2018-02-03 09:36:13,20.6
2245,2018-02-03 09:41:13,20.6
2246,2018-02-03 09:46:13,20.6
2247,2018-02-03 09:51:13,20.6
2248,2018-02-03 09:56:13,20.6
2249,2018-02-03 10:01:13,20.6
2250,2018-02-03 10:06:13,20.6
2251,2018-02-03 10:11:13,20.6
2252,2018-02-03 10:16:13,20.6
2253,2018-02-03 10:21:13,20.6
2254,2018-02-03 10:26:13,20.6
2255,2018-02-03 10:31:13,20.6
2256,2018-02-03 10:36:13,20.6
2257,2018-02-03 10:41:13,20.6
2258,2018-02-03 10:46:13,20.6
2259,2018-02-03 10:51:13,20.6
2260,2018-02-03 10:56:13,20.6
2261,2018-02-03 11:01:13,20.6
2262,2018-02-03 11:06:13,20.6
2263,2018-02-03 11:11:13,20.6
2264,2018-02-03 11:16:13,20.6
2265,2018-02-03 11:21:13,20.6
2266,2018-02-03 11:26:13,20.6
2267,2018-02-03 11:31:13,20.7
2268,2018-02-03 11:36:13,20.7
2269,2018-02-03 11:41:13,20.7
2270,2018-02-03 11:46:13,20.7
2271,2018-02-03 11:51:13,20.7
2272,2018-02-03 11:56:13,20.7
2273,2018-02-03 12:01:13,20.7
2274,2018-02-03 12:06:13,20.7
2275,2018-02-03 12:11:13,20.7
2276,2018-02-03 12:16:13,20.7
2277,2018-02-03 12:21:13,20.7
2278,2018-02-03 12:26:13,20.7
2279,2018-02-03 12:31:13,20.7
2280,2018-02-03 12:36:13,20.6
2281,2018-02-03 12:41:13,20.6
2282,2018-02-03 12:46:13,20.6
2283,2018-02-03 12:51:13,20.6
2284,2018-02-03 12:56:13,20.6
2285,2018-02-03 13:01:13,20.6
2286,2018-02-03 13:06:13,20.6
2287,2018-02-03 13:11:13,20.6
2288,2018-02-03 13:16:13,20.6
2289,2018-02-03 13:21:13,20.6
2290,2018-02-03 13:26:13,20.6
2291,2018-02-03 13:31:13,20.6
2292,2018-02-03 13:36:13,20.6
2293,2018-02-03 13:41:13,20.6
2294,2018-02-03 13:46:13,20.6
2295,2018-02-03 13:51:13,20.6
2296,2018-02-03 13:56:13,20.7
2297,2018-02-03 14:01:13,20.7
2298,2018-02-03 14:06:13,20.7
2299,2018-02-03 14:11:13,20.7
2300,2018-02-03 14:16:13,20.7
2301,2018-02-03 14:21:13,20.7
2302,2018-02-03 14:26:13,20.7
2303,2018-02-03 14:31:13,20.7
2304,2018-02-03 14:36:13,20.7
2305,2018-02-03 14:41:13,20.7
2306,2018-02-03 14:46:13,20.7
2307,2018-02-03 14:51:13,20.7
2308,2018-02-03 14:56:13,20.7
2309,2018-02-03 15:01:13,20.7
2310,2018-02-03 15:06:13,20.7
2311,2018-02-03 15:11:13,20.7
2312,2018-02-03 15:16:13,20.7
2313,2018-02-03 15:21:13,20.7
2314,2018-02-03 15:26:13,20.7
2315,2018-02-03 15:31:13,20.7
2316,2018-02-03 15:36:13,20.7
2317,2018-02-03 15:41:13,20.6
2318,2018-02-03 15:46:13,20.6
2319,2018-02-03 15:51:13,20.6
2320,2018-02-03 15:56:13,20.6
2321,2018-02-03 16:01:13,20.6
2322,2018-02-03 16:06:13,20.6
2323,2018-02-03 16:11:13,20.6
2324,2018-02-03 16:16:13,20.6
2325,2018-02-03 16:21:13,20.6
2326,2018-02-03 16:26:13,20.6
2327,2018-02-03 16:31:13,20.6
2328,2018-02-03 16:36:13,20.6
2329,2018-02-03 16:41:13,20.6
2330,2018-02-03 16:46:13,20.6
2331,2018-02-03 16:51:13,20.6
2332,2018-02-03 16:56:13,20.6
2333,2018-02-03 17:01:13,20.6
2334,2018-02-03 17:06:13,20.6
2335,2018-02-03 17:11:13,20.6
2336,2018-02-03 17:16:13,20.6
2337,2018-02-03 17:21:13,20.6
2338,2018-02-03 17:26:13,20.6
2339,2018-02-03 17:31:13,20.6
2340,2018-02-03 17:36:13,20.6
2341,2018-02-03 17:41:13,20.7
2342,2018-02-03 17:46:13,20.7
2343,2018-02-03 17:51:13,20.7
2344,2018-02-03 17:56:13,20.7
2345,2018-02-03 18:01:13,20.7
2346,2018-02-03 18:06:13,20.7
2347,2018-02-03 18:11:13,20.7
2348,2018-02-03 18:16:13,20.7
2349,2018-02-03 18:21:13,20.7
2350,2018-02-03 18:26:13,20.7
2351,2018-02-03 18:31:13,20.7
2352,2018-02-03 18:36:13,20.7
2353,2018-02-03 18:41:13,20.6
2354,2018-02-03 18:46:13,20.6
2355,2018-02-03 18:51:13,20.6
2356,2018-02-03 18:56:13,20.6
2357,2018-02-03 19:01:13,20.6
2358,2018-02-03 19:06:13,20.6
2359,2018-02-03 19:11:13,20.6
2360,2018-02-03 19:16:13,20.7
2361,2018-02-03 19:21:13,20.7
2362,2018-02-03 19:26:13,20.7
2363,2018-02-03 19:31:13,20.7
2364,2018-02-03 19:36:13,20.7
2365,2018-02-03 19:41:13,20.7
2366,2018-02-03 19:46:13,20.7
2367,2018-02-03 19:51:13,20.7
2368,2018-02-03 19:56:13,20.7
2369,2018-02-03 20:01:13,20.7
2370,2018-02-03 20:06:13,20.7
2371,2018-02-03 20:11:13,20.7
2372,2018-02-03 20:16:13,20.7
2373,2018-02-03 20:21:13,20.7
2374,2018-02-03 20:26:13,20.7
2375,2018-02-03 20:31:13,20.7
2376,2018-02-03 20:36:13,20.7
2377,2018-02-03 20:41:13,20.7
2378,2018-02-03 20:46:13,20.7
2379,2018-02-03 20:51:13,20.7
2380,2018-02-03 20:56:13,20.7
2381,2018-02-03 21:01:13,20.7
2382,2018-02-03 21:06:13,20.7
2383,2018-02-03 21:11:13,20.7
2384,2018-02-03 21:16:13,20.7
2385,2018-02-03 21:21:13,20.7
2386,2018-02-03 21:26:13,20.7
2387,2018-02-03 21:31:13,20.6
2388,2018-02-03 21:36:13,20.6
2389,2018-02-03 21:41:13,20.6
2390,2018-02-03 21:46:13,20.6
2391,2018-02-03 21:51:13,20.6
2392,2018-02-03 21:56:13,20.6
2393,2018-02-03 22:01:13,20.6
2394,2018-02-03 22:06:13,20.6
2395,2018-02-03 22:11:13,20.6
2396,2018-02-03 22:16:13,20.6
2397,2018-02-03 22:21:13,20.6
2398,2018-02-03 22:26:13,20.6
2399,2018-02-03 22:31:13,20.6
2400,2018-02-03 22:36:13,20.6
2401,2018-02-03 22:41:13,20.6
2402,2018-02-03 22:46:13,20.6
2403,2018-02-03 22:51:13,20.6
2404,2018-02-03 22:56:13,20.6
2405,2018-02-03 23:01:13,20.6
2406,2018-02-03 23:06:13,20.6
2407,2018-02-03 23:11:13,20.6
2408,2018-02-03 23:16:13,20.6
2409,2018-02-03 23:21:13,20.6
2410,2018-02-03 23:26:13,20.6
2411,2018-02-03 23:31:13,20.7
2412,2018-02-03 23:36:13,20.7
2413,2018-02-03 23:41:13,20.7
2414,2018-02-03 23:46:13,20.7
2415,2018-02-03 23:51:13,20.7
2416,2018-02-03 23:56:13,20.6
2417,2018-02-04 00:01:13,20.6
2418,2018-02-04 00:06:13,20.7
2419,2018-02-04 00:11:13,20.7
2420,2018-02-04 00:16:13,20.7
2421,2018-02-04 00:21:13,20.6
2422,2018-02-04 00:26:13,20.6
2423,2018-02-04 00:31:13,20.7
2424,2018-02-04 00:36:13,20.7
2425,2018-02-04 00:41:13,20.7
2426,2018-02-04 00:46:13,20.7
2427,2018-02-04 00:51:13,20.6
2428,2018-02-04 00:56:13,20.6
2429,2018-02-04 01:01:13,20.6
2430,2018-02-04 01:06:13,20.6
2431,2018-02-04 01:11:13,20.6
2432,2018-02-04 01:16:13,20.7
2433,2018-02-04 01:21:13,20.7
2434,2018-02-04 01:26:13,20.7
2435,2018-02-04 01:31:13,20.7
2436,2018-02-04 01:36:13,20.7
2437,2018-02-04 01:41:13,20.7
2438,2018-02-04 01:46:13,20.7
2439,2018-02-04 01:51:13,20.7
2440,2018-02-04 01:56:13,20.7
2441,2018-02-04 02:01:13,20.7
2442,2018-02-04 02:06:13,20.7
2443,2018-02-04 02:11:13,20.7
2444,2018-02-04 02:16:13,20.7
2445,2018-02-04 02:21:13,20.7
2446,2018-02-04 02:26:13,20.7
2447,2018-02-04 02:31:13,20.7
2448,2018-02-04 02:36:13,20.7
2449,2018-02-04 02:41:13,20.7
2450,2018-02-04 02:46:13,20.7
2451,2018-02-04 02:51:13,20.7
2452,2018-02-04 02:56:13,20.7
2453,2018-02-04 03:01:13,20.7
2454,2018-02-04 03:06:13,20.7
2455,2018-02-04 03:11:13,20.7
2456,2018-02-04 03:16:13,20.7
2457,2018-02-04 03:21:13,20.7
2458,2018-02-04 03:26:13,20.6
2459,2018-02-04 03:31:13,20.6
2460,2018-02-04 03:36:13,20.6
2461,2018-02-04 03:41:13,20.6
2462,2018-02-04 03:46:13,20.6
2463,2018-02-04 03:51:13,20.6
2464,2018-02-04 03:56:13,20.6
2465,2018-02-04 04:01:13,20.6
2466,2018-02-04 04:06:13,20.7
2467,2018-02-04 04:11:13,20.7
2468,2018-02-04 04:16:13,20.7
2469,2018-02-04 04:21:13,20.7
2470,2018-02-04 04:26:13,20.7
2471,2018-02-04 04:31:13,20.7
2472,2018-02-04 04:36:13,20.7
2473,2018-02-04 04:41:13,20.7
2474,2018-02-04 04:46:13,20.7
2475,2018-02-04 04:51:13,20.7
2476,2018-02-04 04:56:13,20.7
2477,2018-02-04 05:01:13,20.7
2478,2018-02-04 05:06:13,20.7
2479,2018-02-04 05:11:13,20.6
2480,2018-02-04 05:16:13,20.6
2481,2018-02-04 05:21:13,20.6
2482,2018-02-04 05:26:13,20.6
2483,2018-02-04 05:31:13,20.6
2484,2018-02-04 05:36:13,20.6
2485,2018-02-04 05:41:13,20.6
2486,2018-02-04 05:46:13,20.6
2487,2018-02-04 05:51:13,20.7
2488,2018-02-04 05:56:13,20.7
2489,2018-02-04 06:01:13,20.7
2490,2018-02-04 06:06:13,20.7
2491,2018-02-04 06:11:13,20.7
2492,2018-02-04 06:16:13,20.7
2493,2018-02-04 06:21:13,20.7
2494,2018-02-04 06:26:13,20.7
2495,2018-02-04 06:31:13,20.7
2496,2018-02-04 06:36:13,20.7
2497,2018-02-04 06:41:13,20.7
2498,2018-02-04 06:46:13,20.7
2499,2018-02-04 06:51:13,20.7
2500,2018-02-04 06:56:13,20.7
2501,2018-02-04 07:01:13,20.7
2502,2018-02-04 07:06:13,20.7
2503,2018-02-04 07:11:13,20.7
2504,2018-02-04 07:16:13,20.7
2505,2018-02-04 07:21:13,20.7
2506,2018-02-04 07:26:13,20.7
2507,2018-02-04 07:31:13,20.7
2508,2018-02-04 07:36:13,20.7
2509,2018-02-04 07:41:13,20.7
2510,2018-02-04 07:46:13,20.6
2511,2018-02-04 07:51:13,20.6
2512,2018-02-04 07:56:13,20.6
2513,2018-02-04 08:01:13,20.6
2514,2018-02-04 08:06:13,20.6
2515,2018-02-04 08:11:13,20.6
2516,2018-02-04 08:16:13,20.6
2517,2018-02-04 08:21:13,20.6
2518,2018-02-04 08:26:13,20.6
2519,2018-02-04 08:31:13,20.6
2520,2018-02-04 08:36:13,20.6
2521,2018-02-04 08:41:13,20.6
2522,2018-02-04 08:46:13,20.6
2523,2018-02-04 08:51:13,20.6
2524,2018-02-04 08:56:13,20.7
2525,2018-02-04 09:01:13,20.7
2526,2018-02-04 09:06:13,20.7
2527,2018-02-04 09:11:13,20.7
2528,2018-02-04 09:16:13,20.7
2529,2018-02-04 09:21:13,20.7
2530,2018-02-04 09:26:13,20.7
2531,2018-02-04 09:31:13,20.7
2532,2018-02-04 09:36:13,20.7
2533,2018-02-04 09:41:13,20.7
2534,2018-02-04 09:46:13,20.6
2535,2018-02-04 09:51:13,20.6
2536,2018-02-04 09:56:13,20.6
2537,2018-02-04 10:01:13,20.6
2538,2018-02-04 10:06:13,20.6
2539,2018-02-04 10:11:13,20.6
2540,2018-02-04 10:16:13,20.6
2541,2018-02-04 10:21:13,20.6
2542,2018-02-04 10:26:13,20.6
2543,2018-02-04 10:31:13,20.6
2544,2018-02-04 10:36:13,20.6
2545,2018-02-04 10:41:13,20.7
2546,2018-02-04 10:46:13,20.7
2547,2018-02-04 10:51:13,20.7
2548,2018-02-04 10:56:13,20.7
2549,2018-02-04 11:01:13,20.7
2550,2018-02-04 11:06:13,20.7
2551,2018-02-04 11:11:13,20.7
2552,2018-02-04 11:16:13,20.8
2553,2018-02-04 11:21:13,20.8
2554,2018-02-04 11:26:13,20.8
2555,2018-02-04 11:31:13,20.7
2556,2018-02-04 11:36:13,20.7
2557,2018-02-04 11:41:13,20.7
2558,2018-02-04 11:46:13,20.7
2559,2018-02-04 11:51:13,20.7
2560,2018-02-04 11:56:13,20.7
2561,2018-02-04 12:01:13,20.7
2562,2018-02-04 12:06:13,20.7
2563,2018-02-04 12:11:13,20.7
2564,2018-02-04 12:16:13,20.7
2565,2018-02-04 12:21:13,20.7
2566,2018-02-04 12:26:13,20.7
2567,2018-02-04 12:31:13,20.7
2568,2018-02-04 12:36:13,20.7
2569,2018-02-04 12:41:13,20.7
2570,2018-02-04 12:46:13,20.7
2571,2018-02-04 12:51:13,20.7
2572,2018-02-04 12:56:13,20.7
2573,2018-02-04 13:01:13,20.7
2574,2018-02-04 13:06:13,20.7
2575,2018-02-04 13:11:13,20.7
2576,2018-02-04 13:16:13,20.7
2577,2018-02-04 13:21:13,20.7
2578,2018-02-04 13:26:13,20.7
2579,2018-02-04 13:31:13,20.7
2580,2018-02-04 13:36:13,20.7
2581,2018-02-04 13:41:13,20.7
2582,2018-02-04 13:46:13,20.7
2583,2018-02-04 13:51:13,20.7
2584,2018-02-04 13:56:13,20.7
2585,2018-02-04 14:01:13,20.7
2586,2018-02-04 14:06:13,20.7
2587,2018-02-04 14:11:13,20.7
2588,2018-02-04 14:16:13,20.7
2589,2018-02-04 14:21:13,20.7
2590,2018-02-04 14:26:13,20.8
2591,2018-02-04 14:31:13,20.8
2592,2018-02-04 14:36:13,20.8
2593,2018-02-04 14:41:13,20.8
2594,2018-02-04 14:46:13,20.8
2595,2018-02-04 14:51:13,20.8
2596,2018-02-04 14:56:13,20.8
2597,2018-02-04 15:01:13,20.8
2598,2018-02-04 15:06:13,20.8
2599,2018-02-04 15:11:13,20.8
2600,2018-02-04 15:16:13,20.8
2601,2018-02-04 15:21:13,20.8
2602,2018-02-04 15:26:13,20.8
2603,2018-02-04 15:31:13,20.8
2604,2018-02-04 15:36:13,20.8
2605,2018-02-04 15:41:13,20.8
2606,2018-02-04 15:46:13,20.8
2607,2018-02-04 15:51:13,20.8
2608,2018-02-04 15:56:13,20.8
2609,2018-02-04 16:01:13,20.8
2610,2018-02-04 16:06:13,20.8
2611,2018-02-04 16:11:13,20.8
2612,2018-02-04 16:16:13,20.8
2613,2018-02-04 16:21:13,20.8
2614,2018-02-04 16:26:13,20.8
2615,2018-02-04 16:31:13,20.8
2616,2018-02-04 16:36:13,20.8
2617,2018-02-04 16:41:13,20.8
2618,2018-02-04 16:46:13,20.8
2619,2018-02-04 16:51:13,20.8
2620,2018-02-04 16:56:13,20.8
2621,2018-02-04 17:01:13,20.8
2622,2018-02-04 17:06:13,20.8
2623,2018-02-04 17:11:13,20.8
2624,2018-02-04 17:16:13,20.8
2625,2018-02-04 17:21:13,20.8
2626,2018-02-04 17:26:13,20.8
2627,2018-02-04 17:31:13,20.8
2628,2018-02-04 17:36:13,20.8
2629,2018-02-04 17:41:13,20.8
2630,2018-02-04 17:46:13,20.8
2631,2018-02-04 17:51:13,20.8
2632,2018-02-04 17:56:13,20.8
2633,2018-02-04 18:01:13,20.8
2634,2018-02-04 18:06:13,20.8
2635,2018-02-04 18:11:13,20.8
2636,2018-02-04 18:16:13,20.8
2637,2018-02-04 18:21:13,20.8
2638,2018-02-04 18:26:13,20.8
2639,2018-02-04 18:31:13,20.8
2640,2018-02-04 18:36:13,20.8
2641,2018-02-04 18:41:13,20.8
2642,2018-02-04 18:46:13,20.8
2643,2018-02-04 18:51:13,20.8
2644,2018-02-04 18:56:13,20.8
2645,2018-02-04 19:01:13,20.8
2646,2018-02-04 19:06:13,20.8
2647,2018-02-04 19:11:13,20.8
2648,2018-02-04 19:16:13,20.8
2649,2018-02-04 19:21:13,20.8
2650,2018-02-04 19:26:13,20.8
2651,2018-02-04 19:31:13,20.8
2652,2018-02-04 19:36:13,20.7
2653,2018-02-04 19:41:13,20.8
2654,2018-02-04 19:46:13,20.7
2655,2018-02-04 19:51:13,20.7
2656,2018-02-04 19:56:13,20.7
2657,2018-02-04 20:01:13,20.7
2658,2018-02-04 20:06:13,20.7
2659,2018-02-04 20:11:13,20.7
2660,2018-02-04 20:16:13,20.7
2661,2018-02-04 20:21:13,20.7
2662,2018-02-04 20:26:13,20.8
2663,2018-02-04 20:31:13,20.8
2664,2018-02-04 20:36:13,20.8
2665,2018-02-04 20:41:13,20.8
2666,2018-02-04 20:46:13,20.8
2667,2018-02-04 20:51:13,20.8
2668,2018-02-04 20:56:13,20.8
2669,2018-02-04 21:01:13,20.8
2670,2018-02-04 21:06:13,20.8
2671,2018-02-04 21:11:13,20.8
2672,2018-02-04 21:16:13,20.8
2673,2018-02-04 21:21:13,20.8
2674,2018-02-04 21:26:13,20.9
2675,2018-02-04 21:31:13,20.9
2676,2018-02-04 21:36:13,20.9
2677,2018-02-04 21:41:13,20.9
2678,2018-02-04 21:46:13,20.9
2679,2018-02-04 21:51:13,20.8
2680,2018-02-04 21:56:13,20.8
2681,2018-02-04 22:01:13,20.8
2682,2018-02-04 22:06:13,20.8
2683,2018-02-04 22:11:13,20.8
2684,2018-02-04 22:16:13,20.8
2685,2018-02-04 22:21:13,20.8
2686,2018-02-04 22:26:13,20.8
2687,2018-02-04 22:31:13,20.8
2688,2018-02-04 22:36:13,20.8
2689,2018-02-04 22:41:13,20.8
2690,2018-02-04 22:46:13,20.8
2691,2018-02-04 22:51:13,20.8
2692,2018-02-04 22:56:13,20.8
2693,2018-02-04 23:01:13,20.8
2694,2018-02-04 23:06:13,20.8
2695,2018-02-04 23:11:13,20.8
2696,2018-02-04 23:16:13,20.8
2697,2018-02-04 23:21:13,20.8
2698,2018-02-04 23:26:13,20.8
2699,2018-02-04 23:31:13,20.8
2700,2018-02-04 23:36:13,20.8
2701,2018-02-04 23:41:13,20.8
2702,2018-02-04 23:46:13,20.8
2703,2018-02-04 23:51:13,20.8
2704,2018-02-04 23:56:13,20.8
2705,2018-02-05 00:01:13,20.8
2706,2018-02-05 00:06:13,20.8
2707,2018-02-05 00:11:13,20.8
2708,2018-02-05 00:16:13,20.8
2709,2018-02-05 00:21:13,20.8
2710,2018-02-05 00:26:13,20.8
2711,2018-02-05 00:31:13,20.8
2712,2018-02-05 00:36:13,21.8
2713,2018-02-05 00:41:13,23.8
2714,2018-02-05 00:46:13,24.4
2715,2018-02-05 00:51:13,24.6
2716,2018-02-05 00:56:13,24.7
2717,2018-02-05 01:01:13,24.7
2718,2018-02-05 01:06:13,24.6
2719,2018-02-05 01:11:13,22.7
2720,2018-02-05 01:16:13,21.8
2721,2018-02-05 01:21:13,21.1
2722,2018-02-05 01:26:13,20.6
2723,2018-02-05 01:31:13,22.2
